"rgn_id","sciname","category"
1,"Lamna nasus","VU"
1,"Prionace glauca","NT"
1,"Balaenoptera physalus","EN"
1,"Balaenoptera acutorostrata","LC"
2,"Lamna nasus","VU"
2,"Prionace glauca","NT"
2,"Balaenoptera physalus","EN"
2,"Balaenoptera acutorostrata","LC"
3,"Lamna nasus","VU"
3,"Prionace glauca","NT"
3,"Balaenoptera physalus","EN"
3,"Balaenoptera acutorostrata","LC"
4,"Lamna nasus","VU"
4,"Prionace glauca","NT"
4,"Balaenoptera physalus","EN"
4,"Balaenoptera acutorostrata","LC"
5,"Lamna nasus","VU"
5,"Prionace glauca","NT"
5,"Balaenoptera physalus","EN"
5,"Balaenoptera acutorostrata","LC"
6," Carcharhinus perezi","6"
6," Monachus monachus ","1"
6,"Alopias vulpinus","7"
6,"Balaena mysticetus","5"
6,"Balaenoptera acutorostrata","5"
6,"Balaenoptera bonaerensis ","2"
6,"Balaenoptera borealis","3"
6,"Balaenoptera edeni","2"
6,"Balaenoptera musculus","3"
6,"Balaenoptera physalus","3"
6,"Berardius arnuxii ","2"
6,"Caperea marginata","2"
6,"Carcharhinus amblyrhynchos","6"
6,"Carcharhinus melanopterus","6"
6,"Carcharodon carcharias","7"
6,"Caretta caretta","3"
6,"Cephalorhynchus hectori","3"
6,"Cephalorhynchus hectori maui","1"
6,"Cetorhinus maximus","7"
6,"Cheilinus undulatus","3"
6,"Chelonia mydas","3.02727272727273"
6,"Delphinus delphis","5"
6,"Dermochelys coriacea","1.046875"
6,"Engraulis ringens","5"
6,"Eretmochelys imbricata","1"
6,"Eschrichtius robustus","4.88888888888889"
6,"Eubalaena australis ","5"
6,"Eubalaena glacialis","3.71428571428571"
6,"Feresa attenuata","2"
6,"Galeocerdo cuvier","6"
6,"Globicephala macrorhynchus","2"
6,"Globicephala melas","2"
6,"Glyphis gangeticus","1"
6,"Grampus griseus","5"
6,"Hyperoodon planifrons","5"
6,"Indopacetus pacificus","2"
6,"Isurus oxyrinchus","7"
6,"Isurus paucus","7"
6,"Kogia breviceps","2"
6,"Kogia simus","2"
6,"Lagenodelphis hosei","5"
6,"Lagenorhynchus cruciger","5"
6,"Lagenorhynchus obscurus","2"
6,"Lamna nasus","7"
6,"Lepidochelys kempii","1"
6,"Lepidochelys olivacea","7"
6,"Lissodelphis peronii","2"
6,"Lutrogale perspicillata","7"
6,"Megachasma pelagios","2"
6,"Megaptera novaeangliae","5"
6,"Mesoplodon bowdoini","2"
6,"Mesoplodon densirostris","2"
6,"Mesoplodon ginkgodens","2"
6,"Mesoplodon grayi ","2"
6,"Mesoplodon hectori","2"
6,"Mesoplodon layardii","2"
6,"Mesoplodon mirus","2"
6,"Natator depressus","2"
6,"Orcaella brevirostris","7"
6,"Orcaella heinsohni","6"
6,"Orcinus orca","2"
6,"Peponocephala electra","5"
6,"Phocoena dioptrica","2"
6,"Phocoena sinus","1"
6,"Physeter macrocephalus","7"
6,"Prionace glauca","6"
6,"Pseudorca crassidens ","2"
6,"Rhincodon typus","7"
6,"Sousa chinensis","6"
6,"Stenella attenuata","5"
6,"Stenella coeruleoalba","5"
6,"Stenella longirostris","2"
6,"Steno bredanensis","5"
6,"Tasmacetus shepherdi ","2"
6,"Triaenodon obesus","6"
6,"Tursiops aduncus","2"
6,"Tursiops truncatus","5"
6,"Ursus maritimus","7"
6,"Ziphius cavirostris","5"
7," Carcharhinus perezi","6"
7," Monachus monachus ","1"
7,"Alopias vulpinus","7"
7,"Balaena mysticetus","5"
7,"Balaenoptera acutorostrata","5"
7,"Balaenoptera bonaerensis ","2"
7,"Balaenoptera borealis","3"
7,"Balaenoptera edeni","2"
7,"Balaenoptera musculus","3"
7,"Balaenoptera physalus","3"
7,"Berardius arnuxii ","2"
7,"Caperea marginata","2"
7,"Carcharhinus amblyrhynchos","6"
7,"Carcharhinus melanopterus","6"
7,"Carcharodon carcharias","7"
7,"Caretta caretta","3"
7,"Cephalorhynchus hectori","3"
7,"Cephalorhynchus hectori maui","1"
7,"Cetorhinus maximus","7"
7,"Cheilinus undulatus","3"
7,"Chelonia mydas","3.02727272727273"
7,"Delphinus delphis","5"
7,"Dermochelys coriacea","1.046875"
7,"Engraulis ringens","5"
7,"Eretmochelys imbricata","1"
7,"Eschrichtius robustus","4.88888888888889"
7,"Eubalaena australis ","5"
7,"Eubalaena glacialis","3.71428571428571"
7,"Feresa attenuata","2"
7,"Galeocerdo cuvier","6"
7,"Globicephala macrorhynchus","2"
7,"Globicephala melas","2"
7,"Glyphis gangeticus","1"
7,"Grampus griseus","5"
7,"Hyperoodon planifrons","5"
7,"Indopacetus pacificus","2"
7,"Isurus oxyrinchus","7"
7,"Isurus paucus","7"
7,"Kogia breviceps","2"
7,"Kogia simus","2"
7,"Lagenodelphis hosei","5"
7,"Lagenorhynchus cruciger","5"
7,"Lagenorhynchus obscurus","2"
7,"Lamna nasus","7"
7,"Lepidochelys kempii","1"
7,"Lepidochelys olivacea","7"
7,"Lissodelphis peronii","2"
7,"Lutrogale perspicillata","7"
7,"Megachasma pelagios","2"
7,"Megaptera novaeangliae","5"
7,"Mesoplodon bowdoini","2"
7,"Mesoplodon densirostris","2"
7,"Mesoplodon ginkgodens","2"
7,"Mesoplodon grayi ","2"
7,"Mesoplodon hectori","2"
7,"Mesoplodon layardii","2"
7,"Mesoplodon mirus","2"
7,"Natator depressus","2"
7,"Orcaella brevirostris","7"
7,"Orcaella heinsohni","6"
7,"Orcinus orca","2"
7,"Peponocephala electra","5"
7,"Phocoena dioptrica","2"
7,"Phocoena sinus","1"
7,"Physeter macrocephalus","7"
7,"Prionace glauca","6"
7,"Pseudorca crassidens ","2"
7,"Rhincodon typus","7"
7,"Sousa chinensis","6"
7,"Stenella attenuata","5"
7,"Stenella coeruleoalba","5"
7,"Stenella longirostris","2"
7,"Steno bredanensis","5"
7,"Tasmacetus shepherdi ","2"
7,"Triaenodon obesus","6"
7,"Tursiops aduncus","2"
7,"Tursiops truncatus","5"
7,"Ursus maritimus","7"
7,"Ziphius cavirostris","5"
8," Carcharhinus perezi","6"
8," Monachus monachus ","1"
8,"Alopias vulpinus","7"
8,"Balaena mysticetus","5"
8,"Balaenoptera acutorostrata","5"
8,"Balaenoptera bonaerensis ","2"
8,"Balaenoptera borealis","3"
8,"Balaenoptera edeni","2"
8,"Balaenoptera musculus","3"
8,"Balaenoptera physalus","3"
8,"Berardius arnuxii ","2"
8,"Caperea marginata","2"
8,"Carcharhinus amblyrhynchos","6"
8,"Carcharhinus melanopterus","6"
8,"Carcharodon carcharias","7"
8,"Caretta caretta","3"
8,"Cephalorhynchus hectori","3"
8,"Cephalorhynchus hectori maui","1"
8,"Cetorhinus maximus","7"
8,"Cheilinus undulatus","3"
8,"Chelonia mydas","3.02727272727273"
8,"Delphinus delphis","5"
8,"Dermochelys coriacea","1.046875"
8,"Engraulis ringens","5"
8,"Eretmochelys imbricata","1"
8,"Eschrichtius robustus","4.88888888888889"
8,"Eubalaena australis ","5"
8,"Eubalaena glacialis","3.71428571428571"
8,"Feresa attenuata","2"
8,"Galeocerdo cuvier","6"
8,"Globicephala macrorhynchus","2"
8,"Globicephala melas","2"
8,"Glyphis gangeticus","1"
8,"Grampus griseus","5"
8,"Hyperoodon planifrons","5"
8,"Indopacetus pacificus","2"
8,"Isurus oxyrinchus","7"
8,"Isurus paucus","7"
8,"Kogia breviceps","2"
8,"Kogia simus","2"
8,"Lagenodelphis hosei","5"
8,"Lagenorhynchus cruciger","5"
8,"Lagenorhynchus obscurus","2"
8,"Lamna nasus","7"
8,"Lepidochelys kempii","1"
8,"Lepidochelys olivacea","7"
8,"Lissodelphis peronii","2"
8,"Lutrogale perspicillata","7"
8,"Megachasma pelagios","2"
8,"Megaptera novaeangliae","5"
8,"Mesoplodon bowdoini","2"
8,"Mesoplodon densirostris","2"
8,"Mesoplodon ginkgodens","2"
8,"Mesoplodon grayi ","2"
8,"Mesoplodon hectori","2"
8,"Mesoplodon layardii","2"
8,"Mesoplodon mirus","2"
8,"Natator depressus","2"
8,"Orcaella brevirostris","7"
8,"Orcaella heinsohni","6"
8,"Orcinus orca","2"
8,"Peponocephala electra","5"
8,"Phocoena dioptrica","2"
8,"Phocoena sinus","1"
8,"Physeter macrocephalus","7"
8,"Prionace glauca","6"
8,"Pseudorca crassidens ","2"
8,"Rhincodon typus","7"
8,"Sousa chinensis","6"
8,"Stenella attenuata","5"
8,"Stenella coeruleoalba","5"
8,"Stenella longirostris","2"
8,"Steno bredanensis","5"
8,"Tasmacetus shepherdi ","2"
8,"Triaenodon obesus","6"
8,"Tursiops aduncus","2"
8,"Tursiops truncatus","5"
8,"Ursus maritimus","7"
8,"Ziphius cavirostris","5"
9," Carcharhinus perezi","6"
9," Monachus monachus ","1"
9,"Alopias vulpinus","7"
9,"Balaena mysticetus","5"
9,"Balaenoptera acutorostrata","5"
9,"Balaenoptera bonaerensis ","2"
9,"Balaenoptera borealis","3"
9,"Balaenoptera edeni","2"
9,"Balaenoptera musculus","3"
9,"Balaenoptera physalus","3"
9,"Berardius arnuxii ","2"
9,"Caperea marginata","2"
9,"Carcharhinus amblyrhynchos","6"
9,"Carcharhinus melanopterus","6"
9,"Carcharodon carcharias","7"
9,"Caretta caretta","3"
9,"Cephalorhynchus hectori","3"
9,"Cephalorhynchus hectori maui","1"
9,"Cetorhinus maximus","7"
9,"Cheilinus undulatus","3"
9,"Chelonia mydas","3.02727272727273"
9,"Delphinus delphis","5"
9,"Dermochelys coriacea","1.046875"
9,"Engraulis ringens","5"
9,"Eretmochelys imbricata","1"
9,"Eschrichtius robustus","4.88888888888889"
9,"Eubalaena australis ","5"
9,"Eubalaena glacialis","3.71428571428571"
9,"Feresa attenuata","2"
9,"Galeocerdo cuvier","6"
9,"Globicephala macrorhynchus","2"
9,"Globicephala melas","2"
9,"Glyphis gangeticus","1"
9,"Grampus griseus","5"
9,"Hyperoodon planifrons","5"
9,"Indopacetus pacificus","2"
9,"Isurus oxyrinchus","7"
9,"Isurus paucus","7"
9,"Kogia breviceps","2"
9,"Kogia simus","2"
9,"Lagenodelphis hosei","5"
9,"Lagenorhynchus cruciger","5"
9,"Lagenorhynchus obscurus","2"
9,"Lamna nasus","7"
9,"Lepidochelys kempii","1"
9,"Lepidochelys olivacea","7"
9,"Lissodelphis peronii","2"
9,"Lutrogale perspicillata","7"
9,"Megachasma pelagios","2"
9,"Megaptera novaeangliae","5"
9,"Mesoplodon bowdoini","2"
9,"Mesoplodon densirostris","2"
9,"Mesoplodon ginkgodens","2"
9,"Mesoplodon grayi ","2"
9,"Mesoplodon hectori","2"
9,"Mesoplodon layardii","2"
9,"Mesoplodon mirus","2"
9,"Natator depressus","2"
9,"Orcaella brevirostris","7"
9,"Orcaella heinsohni","6"
9,"Orcinus orca","2"
9,"Peponocephala electra","5"
9,"Phocoena dioptrica","2"
9,"Phocoena sinus","1"
9,"Physeter macrocephalus","7"
9,"Prionace glauca","6"
9,"Pseudorca crassidens ","2"
9,"Rhincodon typus","7"
9,"Sousa chinensis","6"
9,"Stenella attenuata","5"
9,"Stenella coeruleoalba","5"
9,"Stenella longirostris","2"
9,"Steno bredanensis","5"
9,"Tasmacetus shepherdi ","2"
9,"Triaenodon obesus","6"
9,"Tursiops aduncus","2"
9,"Tursiops truncatus","5"
9,"Ursus maritimus","7"
9,"Ziphius cavirostris","5"
10,NA,NA
11,"Megaptera novaeangliae","LC"
11,"Balaenoptera acutorostrata","LC"
11,"Lamna nasus","VU"
11,"Balaenoptera physalus","EN"
11,"Cetorhinus maximus","VU"
11,"Prionace glauca","NT"
12,"Megaptera novaeangliae","LC"
12,"Balaenoptera acutorostrata","LC"
12,"Lamna nasus","VU"
12,"Balaenoptera physalus","EN"
12,"Cetorhinus maximus","VU"
12,"Prionace glauca","NT"
13,"Megaptera novaeangliae","LC"
13,"Balaenoptera acutorostrata","LC"
13,"Lamna nasus","VU"
13,"Balaenoptera physalus","EN"
13,"Cetorhinus maximus","VU"
13,"Prionace glauca","NT"
14,"Megaptera novaeangliae","LC"
14,"Balaenoptera acutorostrata","LC"
14,"Lamna nasus","VU"
14,"Balaenoptera physalus","EN"
14,"Cetorhinus maximus","VU"
14,"Prionace glauca","NT"
15,"Lamna nasus","VU"
15,"Cetorhinus maximus","VU"
15,"Balaenoptera physalus","EN"
15,"Eubalaena glacialis","EX"
16,"Lamna nasus","VU"
16,"Cetorhinus maximus","VU"
16,"Balaenoptera physalus","EN"
16,"Eubalaena glacialis","EX"
17," Carcharhinus perezi","6"
17," Monachus monachus ","1"
17,"Alopias vulpinus","7"
17,"Balaena mysticetus","5"
17,"Balaenoptera acutorostrata","5"
17,"Balaenoptera bonaerensis ","2"
17,"Balaenoptera borealis","3"
17,"Balaenoptera edeni","2"
17,"Balaenoptera musculus","3"
17,"Balaenoptera physalus","3"
17,"Berardius arnuxii ","2"
17,"Caperea marginata","2"
17,"Carcharhinus amblyrhynchos","6"
17,"Carcharhinus melanopterus","6"
17,"Carcharodon carcharias","7"
17,"Caretta caretta","3"
17,"Cephalorhynchus hectori","3"
17,"Cephalorhynchus hectori maui","1"
17,"Cetorhinus maximus","7"
17,"Cheilinus undulatus","3"
17,"Chelonia mydas","3.02727272727273"
17,"Delphinus delphis","5"
17,"Dermochelys coriacea","1.046875"
17,"Engraulis ringens","5"
17,"Eretmochelys imbricata","1"
17,"Eschrichtius robustus","4.88888888888889"
17,"Eubalaena australis ","5"
17,"Eubalaena glacialis","3.71428571428571"
17,"Feresa attenuata","2"
17,"Galeocerdo cuvier","6"
17,"Globicephala macrorhynchus","2"
17,"Globicephala melas","2"
17,"Glyphis gangeticus","1"
17,"Grampus griseus","5"
17,"Hyperoodon planifrons","5"
17,"Indopacetus pacificus","2"
17,"Isurus oxyrinchus","7"
17,"Isurus paucus","7"
17,"Kogia breviceps","2"
17,"Kogia simus","2"
17,"Lagenodelphis hosei","5"
17,"Lagenorhynchus cruciger","5"
17,"Lagenorhynchus obscurus","2"
17,"Lamna nasus","7"
17,"Lepidochelys kempii","1"
17,"Lepidochelys olivacea","7"
17,"Lissodelphis peronii","2"
17,"Lutrogale perspicillata","7"
17,"Megachasma pelagios","2"
17,"Megaptera novaeangliae","5"
17,"Mesoplodon bowdoini","2"
17,"Mesoplodon densirostris","2"
17,"Mesoplodon ginkgodens","2"
17,"Mesoplodon grayi ","2"
17,"Mesoplodon hectori","2"
17,"Mesoplodon layardii","2"
17,"Mesoplodon mirus","2"
17,"Natator depressus","2"
17,"Orcaella brevirostris","7"
17,"Orcaella heinsohni","6"
17,"Orcinus orca","2"
17,"Peponocephala electra","5"
17,"Phocoena dioptrica","2"
17,"Phocoena sinus","1"
17,"Physeter macrocephalus","7"
17,"Prionace glauca","6"
17,"Pseudorca crassidens ","2"
17,"Rhincodon typus","7"
17,"Sousa chinensis","6"
17,"Stenella attenuata","5"
17,"Stenella coeruleoalba","5"
17,"Stenella longirostris","2"
17,"Steno bredanensis","5"
17,"Tasmacetus shepherdi ","2"
17,"Triaenodon obesus","6"
17,"Tursiops aduncus","2"
17,"Tursiops truncatus","5"
17,"Ursus maritimus","7"
17,"Ziphius cavirostris","5"
18,"Balaenoptera borealis","EN"
18,"Balaenoptera physalus","EN"
18,"Balaena mysticetus","LC"
18,"Ursus maritimus","VU"
18,"Megaptera novaeangliae","LC"
18,"Balaenoptera musculus","EN"
18,"Eschrichtius robustus","LC"
18,"Cetorhinus maximus","VU"
18,"Balaenoptera acutorostrata","LC"
18,"Isurus oxyrinchus","VU"
19,"Balaenoptera borealis","EN"
19,"Balaenoptera physalus","EN"
19,"Balaena mysticetus","LC"
19,"Ursus maritimus","VU"
19,"Megaptera novaeangliae","LC"
19,"Balaenoptera musculus","EN"
19,"Eschrichtius robustus","LC"
19,"Cetorhinus maximus","VU"
19,"Balaenoptera acutorostrata","LC"
19,"Isurus oxyrinchus","VU"
20," Carcharhinus perezi","6"
20," Monachus monachus ","1"
20,"Alopias vulpinus","7"
20,"Balaena mysticetus","5"
20,"Balaenoptera acutorostrata","5"
20,"Balaenoptera bonaerensis ","2"
20,"Balaenoptera borealis","3"
20,"Balaenoptera edeni","2"
20,"Balaenoptera musculus","3"
20,"Balaenoptera physalus","3"
20,"Berardius arnuxii ","2"
20,"Caperea marginata","2"
20,"Carcharhinus amblyrhynchos","6"
20,"Carcharhinus melanopterus","6"
20,"Carcharodon carcharias","7"
20,"Caretta caretta","3"
20,"Cephalorhynchus hectori","3"
20,"Cephalorhynchus hectori maui","1"
20,"Cetorhinus maximus","7"
20,"Cheilinus undulatus","3"
20,"Chelonia mydas","3.02727272727273"
20,"Delphinus delphis","5"
20,"Dermochelys coriacea","1.046875"
20,"Engraulis ringens","5"
20,"Eretmochelys imbricata","1"
20,"Eschrichtius robustus","4.88888888888889"
20,"Eubalaena australis ","5"
20,"Eubalaena glacialis","3.71428571428571"
20,"Feresa attenuata","2"
20,"Galeocerdo cuvier","6"
20,"Globicephala macrorhynchus","2"
20,"Globicephala melas","2"
20,"Glyphis gangeticus","1"
20,"Grampus griseus","5"
20,"Hyperoodon planifrons","5"
20,"Indopacetus pacificus","2"
20,"Isurus oxyrinchus","7"
20,"Isurus paucus","7"
20,"Kogia breviceps","2"
20,"Kogia simus","2"
20,"Lagenodelphis hosei","5"
20,"Lagenorhynchus cruciger","5"
20,"Lagenorhynchus obscurus","2"
20,"Lamna nasus","7"
20,"Lepidochelys kempii","1"
20,"Lepidochelys olivacea","7"
20,"Lissodelphis peronii","2"
20,"Lutrogale perspicillata","7"
20,"Megachasma pelagios","2"
20,"Megaptera novaeangliae","5"
20,"Mesoplodon bowdoini","2"
20,"Mesoplodon densirostris","2"
20,"Mesoplodon ginkgodens","2"
20,"Mesoplodon grayi ","2"
20,"Mesoplodon hectori","2"
20,"Mesoplodon layardii","2"
20,"Mesoplodon mirus","2"
20,"Natator depressus","2"
20,"Orcaella brevirostris","7"
20,"Orcaella heinsohni","6"
20,"Orcinus orca","2"
20,"Peponocephala electra","5"
20,"Phocoena dioptrica","2"
20,"Phocoena sinus","1"
20,"Physeter macrocephalus","7"
20,"Prionace glauca","6"
20,"Pseudorca crassidens ","2"
20,"Rhincodon typus","7"
20,"Sousa chinensis","6"
20,"Stenella attenuata","5"
20,"Stenella coeruleoalba","5"
20,"Stenella longirostris","2"
20,"Steno bredanensis","5"
20,"Tasmacetus shepherdi ","2"
20,"Triaenodon obesus","6"
20,"Tursiops aduncus","2"
20,"Tursiops truncatus","5"
20,"Ursus maritimus","7"
20,"Ziphius cavirostris","5"
21," Carcharhinus perezi","6"
21," Monachus monachus ","1"
21,"Alopias vulpinus","7"
21,"Balaena mysticetus","5"
21,"Balaenoptera acutorostrata","5"
21,"Balaenoptera bonaerensis ","2"
21,"Balaenoptera borealis","3"
21,"Balaenoptera edeni","2"
21,"Balaenoptera musculus","3"
21,"Balaenoptera physalus","3"
21,"Berardius arnuxii ","2"
21,"Caperea marginata","2"
21,"Carcharhinus amblyrhynchos","6"
21,"Carcharhinus melanopterus","6"
21,"Carcharodon carcharias","7"
21,"Caretta caretta","3"
21,"Cephalorhynchus hectori","3"
21,"Cephalorhynchus hectori maui","1"
21,"Cetorhinus maximus","7"
21,"Cheilinus undulatus","3"
21,"Chelonia mydas","3.02727272727273"
21,"Delphinus delphis","5"
21,"Dermochelys coriacea","1.046875"
21,"Engraulis ringens","5"
21,"Eretmochelys imbricata","1"
21,"Eschrichtius robustus","4.88888888888889"
21,"Eubalaena australis ","5"
21,"Eubalaena glacialis","3.71428571428571"
21,"Feresa attenuata","2"
21,"Galeocerdo cuvier","6"
21,"Globicephala macrorhynchus","2"
21,"Globicephala melas","2"
21,"Glyphis gangeticus","1"
21,"Grampus griseus","5"
21,"Hyperoodon planifrons","5"
21,"Indopacetus pacificus","2"
21,"Isurus oxyrinchus","7"
21,"Isurus paucus","7"
21,"Kogia breviceps","2"
21,"Kogia simus","2"
21,"Lagenodelphis hosei","5"
21,"Lagenorhynchus cruciger","5"
21,"Lagenorhynchus obscurus","2"
21,"Lamna nasus","7"
21,"Lepidochelys kempii","1"
21,"Lepidochelys olivacea","7"
21,"Lissodelphis peronii","2"
21,"Lutrogale perspicillata","7"
21,"Megachasma pelagios","2"
21,"Megaptera novaeangliae","5"
21,"Mesoplodon bowdoini","2"
21,"Mesoplodon densirostris","2"
21,"Mesoplodon ginkgodens","2"
21,"Mesoplodon grayi ","2"
21,"Mesoplodon hectori","2"
21,"Mesoplodon layardii","2"
21,"Mesoplodon mirus","2"
21,"Natator depressus","2"
21,"Orcaella brevirostris","7"
21,"Orcaella heinsohni","6"
21,"Orcinus orca","2"
21,"Peponocephala electra","5"
21,"Phocoena dioptrica","2"
21,"Phocoena sinus","1"
21,"Physeter macrocephalus","7"
21,"Prionace glauca","6"
21,"Pseudorca crassidens ","2"
21,"Rhincodon typus","7"
21,"Sousa chinensis","6"
21,"Stenella attenuata","5"
21,"Stenella coeruleoalba","5"
21,"Stenella longirostris","2"
21,"Steno bredanensis","5"
21,"Tasmacetus shepherdi ","2"
21,"Triaenodon obesus","6"
21,"Tursiops aduncus","2"
21,"Tursiops truncatus","5"
21,"Ursus maritimus","7"
21,"Ziphius cavirostris","5"
22," Carcharhinus perezi","6"
22," Monachus monachus ","1"
22,"Alopias vulpinus","7"
22,"Balaena mysticetus","5"
22,"Balaenoptera acutorostrata","5"
22,"Balaenoptera bonaerensis ","2"
22,"Balaenoptera borealis","3"
22,"Balaenoptera edeni","2"
22,"Balaenoptera musculus","3"
22,"Balaenoptera physalus","3"
22,"Berardius arnuxii ","2"
22,"Caperea marginata","2"
22,"Carcharhinus amblyrhynchos","6"
22,"Carcharhinus melanopterus","6"
22,"Carcharodon carcharias","7"
22,"Caretta caretta","3"
22,"Cephalorhynchus hectori","3"
22,"Cephalorhynchus hectori maui","1"
22,"Cetorhinus maximus","7"
22,"Cheilinus undulatus","3"
22,"Chelonia mydas","3.02727272727273"
22,"Delphinus delphis","5"
22,"Dermochelys coriacea","1.046875"
22,"Engraulis ringens","5"
22,"Eretmochelys imbricata","1"
22,"Eschrichtius robustus","4.88888888888889"
22,"Eubalaena australis ","5"
22,"Eubalaena glacialis","3.71428571428571"
22,"Feresa attenuata","2"
22,"Galeocerdo cuvier","6"
22,"Globicephala macrorhynchus","2"
22,"Globicephala melas","2"
22,"Glyphis gangeticus","1"
22,"Grampus griseus","5"
22,"Hyperoodon planifrons","5"
22,"Indopacetus pacificus","2"
22,"Isurus oxyrinchus","7"
22,"Isurus paucus","7"
22,"Kogia breviceps","2"
22,"Kogia simus","2"
22,"Lagenodelphis hosei","5"
22,"Lagenorhynchus cruciger","5"
22,"Lagenorhynchus obscurus","2"
22,"Lamna nasus","7"
22,"Lepidochelys kempii","1"
22,"Lepidochelys olivacea","7"
22,"Lissodelphis peronii","2"
22,"Lutrogale perspicillata","7"
22,"Megachasma pelagios","2"
22,"Megaptera novaeangliae","5"
22,"Mesoplodon bowdoini","2"
22,"Mesoplodon densirostris","2"
22,"Mesoplodon ginkgodens","2"
22,"Mesoplodon grayi ","2"
22,"Mesoplodon hectori","2"
22,"Mesoplodon layardii","2"
22,"Mesoplodon mirus","2"
22,"Natator depressus","2"
22,"Orcaella brevirostris","7"
22,"Orcaella heinsohni","6"
22,"Orcinus orca","2"
22,"Peponocephala electra","5"
22,"Phocoena dioptrica","2"
22,"Phocoena sinus","1"
22,"Physeter macrocephalus","7"
22,"Prionace glauca","6"
22,"Pseudorca crassidens ","2"
22,"Rhincodon typus","7"
22,"Sousa chinensis","6"
22,"Stenella attenuata","5"
22,"Stenella coeruleoalba","5"
22,"Stenella longirostris","2"
22,"Steno bredanensis","5"
22,"Tasmacetus shepherdi ","2"
22,"Triaenodon obesus","6"
22,"Tursiops aduncus","2"
22,"Tursiops truncatus","5"
22,"Ursus maritimus","7"
22,"Ziphius cavirostris","5"
23," Carcharhinus perezi","6"
23," Monachus monachus ","1"
23,"Alopias vulpinus","7"
23,"Balaena mysticetus","5"
23,"Balaenoptera acutorostrata","5"
23,"Balaenoptera bonaerensis ","2"
23,"Balaenoptera borealis","3"
23,"Balaenoptera edeni","2"
23,"Balaenoptera musculus","3"
23,"Balaenoptera physalus","3"
23,"Berardius arnuxii ","2"
23,"Caperea marginata","2"
23,"Carcharhinus amblyrhynchos","6"
23,"Carcharhinus melanopterus","6"
23,"Carcharodon carcharias","7"
23,"Caretta caretta","3"
23,"Cephalorhynchus hectori","3"
23,"Cephalorhynchus hectori maui","1"
23,"Cetorhinus maximus","7"
23,"Cheilinus undulatus","3"
23,"Chelonia mydas","3.02727272727273"
23,"Delphinus delphis","5"
23,"Dermochelys coriacea","1.046875"
23,"Engraulis ringens","5"
23,"Eretmochelys imbricata","1"
23,"Eschrichtius robustus","4.88888888888889"
23,"Eubalaena australis ","5"
23,"Eubalaena glacialis","3.71428571428571"
23,"Feresa attenuata","2"
23,"Galeocerdo cuvier","6"
23,"Globicephala macrorhynchus","2"
23,"Globicephala melas","2"
23,"Glyphis gangeticus","1"
23,"Grampus griseus","5"
23,"Hyperoodon planifrons","5"
23,"Indopacetus pacificus","2"
23,"Isurus oxyrinchus","7"
23,"Isurus paucus","7"
23,"Kogia breviceps","2"
23,"Kogia simus","2"
23,"Lagenodelphis hosei","5"
23,"Lagenorhynchus cruciger","5"
23,"Lagenorhynchus obscurus","2"
23,"Lamna nasus","7"
23,"Lepidochelys kempii","1"
23,"Lepidochelys olivacea","7"
23,"Lissodelphis peronii","2"
23,"Lutrogale perspicillata","7"
23,"Megachasma pelagios","2"
23,"Megaptera novaeangliae","5"
23,"Mesoplodon bowdoini","2"
23,"Mesoplodon densirostris","2"
23,"Mesoplodon ginkgodens","2"
23,"Mesoplodon grayi ","2"
23,"Mesoplodon hectori","2"
23,"Mesoplodon layardii","2"
23,"Mesoplodon mirus","2"
23,"Natator depressus","2"
23,"Orcaella brevirostris","7"
23,"Orcaella heinsohni","6"
23,"Orcinus orca","2"
23,"Peponocephala electra","5"
23,"Phocoena dioptrica","2"
23,"Phocoena sinus","1"
23,"Physeter macrocephalus","7"
23,"Prionace glauca","6"
23,"Pseudorca crassidens ","2"
23,"Rhincodon typus","7"
23,"Sousa chinensis","6"
23,"Stenella attenuata","5"
23,"Stenella coeruleoalba","5"
23,"Stenella longirostris","2"
23,"Steno bredanensis","5"
23,"Tasmacetus shepherdi ","2"
23,"Triaenodon obesus","6"
23,"Tursiops aduncus","2"
23,"Tursiops truncatus","5"
23,"Ursus maritimus","7"
23,"Ziphius cavirostris","5"
24," Carcharhinus perezi","6"
24," Monachus monachus ","1"
24,"Alopias vulpinus","7"
24,"Balaena mysticetus","5"
24,"Balaenoptera acutorostrata","5"
24,"Balaenoptera bonaerensis ","2"
24,"Balaenoptera borealis","3"
24,"Balaenoptera edeni","2"
24,"Balaenoptera musculus","3"
24,"Balaenoptera physalus","3"
24,"Berardius arnuxii ","2"
24,"Caperea marginata","2"
24,"Carcharhinus amblyrhynchos","6"
24,"Carcharhinus melanopterus","6"
24,"Carcharodon carcharias","7"
24,"Caretta caretta","3"
24,"Cephalorhynchus hectori","3"
24,"Cephalorhynchus hectori maui","1"
24,"Cetorhinus maximus","7"
24,"Cheilinus undulatus","3"
24,"Chelonia mydas","3.02727272727273"
24,"Delphinus delphis","5"
24,"Dermochelys coriacea","1.046875"
24,"Engraulis ringens","5"
24,"Eretmochelys imbricata","1"
24,"Eschrichtius robustus","4.88888888888889"
24,"Eubalaena australis ","5"
24,"Eubalaena glacialis","3.71428571428571"
24,"Feresa attenuata","2"
24,"Galeocerdo cuvier","6"
24,"Globicephala macrorhynchus","2"
24,"Globicephala melas","2"
24,"Glyphis gangeticus","1"
24,"Grampus griseus","5"
24,"Hyperoodon planifrons","5"
24,"Indopacetus pacificus","2"
24,"Isurus oxyrinchus","7"
24,"Isurus paucus","7"
24,"Kogia breviceps","2"
24,"Kogia simus","2"
24,"Lagenodelphis hosei","5"
24,"Lagenorhynchus cruciger","5"
24,"Lagenorhynchus obscurus","2"
24,"Lamna nasus","7"
24,"Lepidochelys kempii","1"
24,"Lepidochelys olivacea","7"
24,"Lissodelphis peronii","2"
24,"Lutrogale perspicillata","7"
24,"Megachasma pelagios","2"
24,"Megaptera novaeangliae","5"
24,"Mesoplodon bowdoini","2"
24,"Mesoplodon densirostris","2"
24,"Mesoplodon ginkgodens","2"
24,"Mesoplodon grayi ","2"
24,"Mesoplodon hectori","2"
24,"Mesoplodon layardii","2"
24,"Mesoplodon mirus","2"
24,"Natator depressus","2"
24,"Orcaella brevirostris","7"
24,"Orcaella heinsohni","6"
24,"Orcinus orca","2"
24,"Peponocephala electra","5"
24,"Phocoena dioptrica","2"
24,"Phocoena sinus","1"
24,"Physeter macrocephalus","7"
24,"Prionace glauca","6"
24,"Pseudorca crassidens ","2"
24,"Rhincodon typus","7"
24,"Sousa chinensis","6"
24,"Stenella attenuata","5"
24,"Stenella coeruleoalba","5"
24,"Stenella longirostris","2"
24,"Steno bredanensis","5"
24,"Tasmacetus shepherdi ","2"
24,"Triaenodon obesus","6"
24,"Tursiops aduncus","2"
24,"Tursiops truncatus","5"
24,"Ursus maritimus","7"
24,"Ziphius cavirostris","5"
25," Carcharhinus perezi","6"
25," Monachus monachus ","1"
25,"Alopias vulpinus","7"
25,"Balaena mysticetus","5"
25,"Balaenoptera acutorostrata","5"
25,"Balaenoptera bonaerensis ","2"
25,"Balaenoptera borealis","3"
25,"Balaenoptera edeni","2"
25,"Balaenoptera musculus","3"
25,"Balaenoptera physalus","3"
25,"Berardius arnuxii ","2"
25,"Caperea marginata","2"
25,"Carcharhinus amblyrhynchos","6"
25,"Carcharhinus melanopterus","6"
25,"Carcharodon carcharias","7"
25,"Caretta caretta","3"
25,"Cephalorhynchus hectori","3"
25,"Cephalorhynchus hectori maui","1"
25,"Cetorhinus maximus","7"
25,"Cheilinus undulatus","3"
25,"Chelonia mydas","3.02727272727273"
25,"Delphinus delphis","5"
25,"Dermochelys coriacea","1.046875"
25,"Engraulis ringens","5"
25,"Eretmochelys imbricata","1"
25,"Eschrichtius robustus","4.88888888888889"
25,"Eubalaena australis ","5"
25,"Eubalaena glacialis","3.71428571428571"
25,"Feresa attenuata","2"
25,"Galeocerdo cuvier","6"
25,"Globicephala macrorhynchus","2"
25,"Globicephala melas","2"
25,"Glyphis gangeticus","1"
25,"Grampus griseus","5"
25,"Hyperoodon planifrons","5"
25,"Indopacetus pacificus","2"
25,"Isurus oxyrinchus","7"
25,"Isurus paucus","7"
25,"Kogia breviceps","2"
25,"Kogia simus","2"
25,"Lagenodelphis hosei","5"
25,"Lagenorhynchus cruciger","5"
25,"Lagenorhynchus obscurus","2"
25,"Lamna nasus","7"
25,"Lepidochelys kempii","1"
25,"Lepidochelys olivacea","7"
25,"Lissodelphis peronii","2"
25,"Lutrogale perspicillata","7"
25,"Megachasma pelagios","2"
25,"Megaptera novaeangliae","5"
25,"Mesoplodon bowdoini","2"
25,"Mesoplodon densirostris","2"
25,"Mesoplodon ginkgodens","2"
25,"Mesoplodon grayi ","2"
25,"Mesoplodon hectori","2"
25,"Mesoplodon layardii","2"
25,"Mesoplodon mirus","2"
25,"Natator depressus","2"
25,"Orcaella brevirostris","7"
25,"Orcaella heinsohni","6"
25,"Orcinus orca","2"
25,"Peponocephala electra","5"
25,"Phocoena dioptrica","2"
25,"Phocoena sinus","1"
25,"Physeter macrocephalus","7"
25,"Prionace glauca","6"
25,"Pseudorca crassidens ","2"
25,"Rhincodon typus","7"
25,"Sousa chinensis","6"
25,"Stenella attenuata","5"
25,"Stenella coeruleoalba","5"
25,"Stenella longirostris","2"
25,"Steno bredanensis","5"
25,"Tasmacetus shepherdi ","2"
25,"Triaenodon obesus","6"
25,"Tursiops aduncus","2"
25,"Tursiops truncatus","5"
25,"Ursus maritimus","7"
25,"Ziphius cavirostris","5"
