"rgn_id","product","year","tonnes_rel"
1,"fish_oil",1976,0.636691
1,"fish_oil",1977,0.646139
1,"fish_oil",1978,0.620176
1,"fish_oil",1979,0.672522
1,"fish_oil",1980,0.784267
1,"fish_oil",1981,0.746583
1,"fish_oil",1982,0.732948
1,"fish_oil",1983,0.659121
1,"fish_oil",1984,0.55312
1,"fish_oil",1985,0.561151
1,"fish_oil",1986,0.565027
1,"fish_oil",1987,0.632177
1,"fish_oil",1988,0.750972
1,"fish_oil",1989,0.886766
1,"fish_oil",1990,0.944716
1,"fish_oil",1991,1
1,"fish_oil",1992,1
1,"fish_oil",1993,1
1,"fish_oil",1994,1
1,"fish_oil",1995,1
1,"fish_oil",1996,1
1,"fish_oil",1997,1
1,"fish_oil",1998,1
1,"fish_oil",1999,1
1,"fish_oil",2000,1
1,"fish_oil",2001,1
1,"fish_oil",2002,1
1,"fish_oil",2003,0.986976
1,"fish_oil",2004,0.791505
1,"fish_oil",2005,0.628207
1,"fish_oil",2006,0.413777
1,"fish_oil",2007,0.331125
1,"fish_oil",2008,0.359096
1,"fish_oil",2009,0.408641
1,"fish_oil",2010,0.434028
1,"fish_oil",2011,0.432036
1,"ornamentals",1976,0.216685
1,"ornamentals",1977,0.200433
1,"ornamentals",1978,0.222102
1,"ornamentals",1979,0.314193
1,"ornamentals",1980,0.335861
1,"ornamentals",1981,0.471289
1,"ornamentals",1982,0.671723
1,"ornamentals",1983,0.807151
1,"ornamentals",1984,1
1,"ornamentals",1985,1
1,"ornamentals",1986,0.95883
1,"ornamentals",1987,0.817985
1,"ornamentals",1988,0.633803
1,"ornamentals",1989,0.482124
1,"ornamentals",1990,0.417118
1,"ornamentals",1991,0.362947
1,"ornamentals",1992,0.341278
1,"ornamentals",1993,0.249187
1,"ornamentals",1994,0.167931
1,"ornamentals",1995,0.0866739
1,"ornamentals",1996,0
1,"ornamentals",1997,0
1,"ornamentals",1998,0.0108342
1,"ornamentals",1999,0.0108342
1,"ornamentals",2000,1
1,"ornamentals",2001,1
1,"ornamentals",2002,1
1,"ornamentals",2003,1
1,"ornamentals",2004,0.276273
1,"ornamentals",2005,0.00541712
1,"ornamentals",2006,0.00541712
1,"ornamentals",2007,0.0108342
1,"ornamentals",2008,0.0325027
1,"ornamentals",2009,0.0595883
1,"ornamentals",2010,0.0794511
1,"ornamentals",2011,0.108342
1,"seaweeds",1994,1
1,"seaweeds",1995,1
1,"seaweeds",1996,0.531377
1,"seaweeds",1997,0.394737
1,"seaweeds",1998,0.425101
1,"seaweeds",1999,0.41751
1,"seaweeds",2000,0.334008
1,"seaweeds",2001,0.250506
1,"seaweeds",2002,0.364372
1,"seaweeds",2003,0.28087
1,"seaweeds",2004,0.265688
1,"seaweeds",2005,0.364372
1,"seaweeds",2006,0.189777
1,"seaweeds",2007,0.288462
1,"seaweeds",2008,0.394737
1,"seaweeds",2009,0.394737
1,"seaweeds",2010,0.475709
1,"seaweeds",2011,0.455466
1,"shells",1995,0.0549451
1,"shells",1996,0.0412088
1,"shells",1997,0.0462038
1,"shells",1998,0.0899101
1,"shells",1999,0.228521
1,"shells",2000,0.412088
1,"shells",2001,0.488262
1,"shells",2002,0.460789
1,"shells",2003,0.999001
1,"shells",2004,0.915335
1,"shells",2005,1
1,"shells",2006,1
1,"shells",2007,1
1,"shells",2008,1
1,"shells",2009,0.769231
1,"shells",2010,0.42957
1,"shells",2011,0.16983
1,"sponges",1994,0.0121139
1,"sponges",1995,0.0136281
1,"sponges",1996,0.0045427
1,"sponges",1997,0.0090854
1,"sponges",1998,0.0090854
1,"sponges",1999,0.0045427
1,"sponges",2000,0.0090854
1,"sponges",2001,0.0045427
1,"sponges",2002,0.0045427
1,"sponges",2003,0.0045427
1,"sponges",2004,0.0045427
1,"sponges",2005,0.0045427
1,"sponges",2006,0.0090854
1,"sponges",2007,0.499697
1,"sponges",2008,0.804058
1,"sponges",2009,1
1,"sponges",2010,1
1,"sponges",2011,1
2,"fish_oil",1976,0.636691
2,"fish_oil",1977,0.646139
2,"fish_oil",1978,0.620176
2,"fish_oil",1979,0.672522
2,"fish_oil",1980,0.784267
2,"fish_oil",1981,0.746583
2,"fish_oil",1982,0.732948
2,"fish_oil",1983,0.659121
2,"fish_oil",1984,0.55312
2,"fish_oil",1985,0.561151
2,"fish_oil",1986,0.565027
2,"fish_oil",1987,0.632177
2,"fish_oil",1988,0.750972
2,"fish_oil",1989,0.886766
2,"fish_oil",1990,0.944716
2,"fish_oil",1991,1
2,"fish_oil",1992,1
2,"fish_oil",1993,1
2,"fish_oil",1994,1
2,"fish_oil",1995,1
2,"fish_oil",1996,1
2,"fish_oil",1997,1
2,"fish_oil",1998,1
2,"fish_oil",1999,1
2,"fish_oil",2000,1
2,"fish_oil",2001,1
2,"fish_oil",2002,1
2,"fish_oil",2003,0.986976
2,"fish_oil",2004,0.791505
2,"fish_oil",2005,0.628207
2,"fish_oil",2006,0.413777
2,"fish_oil",2007,0.331125
2,"fish_oil",2008,0.359096
2,"fish_oil",2009,0.408641
2,"fish_oil",2010,0.434028
2,"fish_oil",2011,0.432036
2,"ornamentals",1976,0.216685
2,"ornamentals",1977,0.200433
2,"ornamentals",1978,0.222102
2,"ornamentals",1979,0.314193
2,"ornamentals",1980,0.335861
2,"ornamentals",1981,0.471289
2,"ornamentals",1982,0.671723
2,"ornamentals",1983,0.807151
2,"ornamentals",1984,1
2,"ornamentals",1985,1
2,"ornamentals",1986,0.95883
2,"ornamentals",1987,0.817985
2,"ornamentals",1988,0.633803
2,"ornamentals",1989,0.482124
2,"ornamentals",1990,0.417118
2,"ornamentals",1991,0.362947
2,"ornamentals",1992,0.341278
2,"ornamentals",1993,0.249187
2,"ornamentals",1994,0.167931
2,"ornamentals",1995,0.0866739
2,"ornamentals",1996,0
2,"ornamentals",1997,0
2,"ornamentals",1998,0.0108342
2,"ornamentals",1999,0.0108342
2,"ornamentals",2000,1
2,"ornamentals",2001,1
2,"ornamentals",2002,1
2,"ornamentals",2003,1
2,"ornamentals",2004,0.276273
2,"ornamentals",2005,0.00541712
2,"ornamentals",2006,0.00541712
2,"ornamentals",2007,0.0108342
2,"ornamentals",2008,0.0325027
2,"ornamentals",2009,0.0595883
2,"ornamentals",2010,0.0794511
2,"ornamentals",2011,0.108342
2,"seaweeds",1994,1
2,"seaweeds",1995,1
2,"seaweeds",1996,0.531377
2,"seaweeds",1997,0.394737
2,"seaweeds",1998,0.425101
2,"seaweeds",1999,0.41751
2,"seaweeds",2000,0.334008
2,"seaweeds",2001,0.250506
2,"seaweeds",2002,0.364372
2,"seaweeds",2003,0.28087
2,"seaweeds",2004,0.265688
2,"seaweeds",2005,0.364372
2,"seaweeds",2006,0.189777
2,"seaweeds",2007,0.288462
2,"seaweeds",2008,0.394737
2,"seaweeds",2009,0.394737
2,"seaweeds",2010,0.475709
2,"seaweeds",2011,0.455466
2,"shells",1995,0.0549451
2,"shells",1996,0.0412088
2,"shells",1997,0.0462038
2,"shells",1998,0.0899101
2,"shells",1999,0.228521
2,"shells",2000,0.412088
2,"shells",2001,0.488262
2,"shells",2002,0.460789
2,"shells",2003,0.999001
2,"shells",2004,0.915335
2,"shells",2005,1
2,"shells",2006,1
2,"shells",2007,1
2,"shells",2008,1
2,"shells",2009,0.769231
2,"shells",2010,0.42957
2,"shells",2011,0.16983
2,"sponges",1994,0.0121139
2,"sponges",1995,0.0136281
2,"sponges",1996,0.0045427
2,"sponges",1997,0.0090854
2,"sponges",1998,0.0090854
2,"sponges",1999,0.0045427
2,"sponges",2000,0.0090854
2,"sponges",2001,0.0045427
2,"sponges",2002,0.0045427
2,"sponges",2003,0.0045427
2,"sponges",2004,0.0045427
2,"sponges",2005,0.0045427
2,"sponges",2006,0.0090854
2,"sponges",2007,0.499697
2,"sponges",2008,0.804058
2,"sponges",2009,1
2,"sponges",2010,1
2,"sponges",2011,1
3,"fish_oil",1976,0.636691
3,"fish_oil",1977,0.646139
3,"fish_oil",1978,0.620176
3,"fish_oil",1979,0.672522
3,"fish_oil",1980,0.784267
3,"fish_oil",1981,0.746583
3,"fish_oil",1982,0.732948
3,"fish_oil",1983,0.659121
3,"fish_oil",1984,0.55312
3,"fish_oil",1985,0.561151
3,"fish_oil",1986,0.565027
3,"fish_oil",1987,0.632177
3,"fish_oil",1988,0.750972
3,"fish_oil",1989,0.886766
3,"fish_oil",1990,0.944716
3,"fish_oil",1991,1
3,"fish_oil",1992,1
3,"fish_oil",1993,1
3,"fish_oil",1994,1
3,"fish_oil",1995,1
3,"fish_oil",1996,1
3,"fish_oil",1997,1
3,"fish_oil",1998,1
3,"fish_oil",1999,1
3,"fish_oil",2000,1
3,"fish_oil",2001,1
3,"fish_oil",2002,1
3,"fish_oil",2003,0.986976
3,"fish_oil",2004,0.791505
3,"fish_oil",2005,0.628207
3,"fish_oil",2006,0.413777
3,"fish_oil",2007,0.331125
3,"fish_oil",2008,0.359096
3,"fish_oil",2009,0.408641
3,"fish_oil",2010,0.434028
3,"fish_oil",2011,0.432036
3,"ornamentals",1976,0.216685
3,"ornamentals",1977,0.200433
3,"ornamentals",1978,0.222102
3,"ornamentals",1979,0.314193
3,"ornamentals",1980,0.335861
3,"ornamentals",1981,0.471289
3,"ornamentals",1982,0.671723
3,"ornamentals",1983,0.807151
3,"ornamentals",1984,1
3,"ornamentals",1985,1
3,"ornamentals",1986,0.95883
3,"ornamentals",1987,0.817985
3,"ornamentals",1988,0.633803
3,"ornamentals",1989,0.482124
3,"ornamentals",1990,0.417118
3,"ornamentals",1991,0.362947
3,"ornamentals",1992,0.341278
3,"ornamentals",1993,0.249187
3,"ornamentals",1994,0.167931
3,"ornamentals",1995,0.0866739
3,"ornamentals",1996,0
3,"ornamentals",1997,0
3,"ornamentals",1998,0.0108342
3,"ornamentals",1999,0.0108342
3,"ornamentals",2000,1
3,"ornamentals",2001,1
3,"ornamentals",2002,1
3,"ornamentals",2003,1
3,"ornamentals",2004,0.276273
3,"ornamentals",2005,0.00541712
3,"ornamentals",2006,0.00541712
3,"ornamentals",2007,0.0108342
3,"ornamentals",2008,0.0325027
3,"ornamentals",2009,0.0595883
3,"ornamentals",2010,0.0794511
3,"ornamentals",2011,0.108342
3,"seaweeds",1994,1
3,"seaweeds",1995,1
3,"seaweeds",1996,0.531377
3,"seaweeds",1997,0.394737
3,"seaweeds",1998,0.425101
3,"seaweeds",1999,0.41751
3,"seaweeds",2000,0.334008
3,"seaweeds",2001,0.250506
3,"seaweeds",2002,0.364372
3,"seaweeds",2003,0.28087
3,"seaweeds",2004,0.265688
3,"seaweeds",2005,0.364372
3,"seaweeds",2006,0.189777
3,"seaweeds",2007,0.288462
3,"seaweeds",2008,0.394737
3,"seaweeds",2009,0.394737
3,"seaweeds",2010,0.475709
3,"seaweeds",2011,0.455466
3,"shells",1995,0.0549451
3,"shells",1996,0.0412088
3,"shells",1997,0.0462038
3,"shells",1998,0.0899101
3,"shells",1999,0.228521
3,"shells",2000,0.412088
3,"shells",2001,0.488262
3,"shells",2002,0.460789
3,"shells",2003,0.999001
3,"shells",2004,0.915335
3,"shells",2005,1
3,"shells",2006,1
3,"shells",2007,1
3,"shells",2008,1
3,"shells",2009,0.769231
3,"shells",2010,0.42957
3,"shells",2011,0.16983
3,"sponges",1994,0.0121139
3,"sponges",1995,0.0136281
3,"sponges",1996,0.0045427
3,"sponges",1997,0.0090854
3,"sponges",1998,0.0090854
3,"sponges",1999,0.0045427
3,"sponges",2000,0.0090854
3,"sponges",2001,0.0045427
3,"sponges",2002,0.0045427
3,"sponges",2003,0.0045427
3,"sponges",2004,0.0045427
3,"sponges",2005,0.0045427
3,"sponges",2006,0.0090854
3,"sponges",2007,0.499697
3,"sponges",2008,0.804058
3,"sponges",2009,1
3,"sponges",2010,1
3,"sponges",2011,1
4,"fish_oil",1976,0.636691
4,"fish_oil",1977,0.646139
4,"fish_oil",1978,0.620176
4,"fish_oil",1979,0.672522
4,"fish_oil",1980,0.784267
4,"fish_oil",1981,0.746583
4,"fish_oil",1982,0.732948
4,"fish_oil",1983,0.659121
4,"fish_oil",1984,0.55312
4,"fish_oil",1985,0.561151
4,"fish_oil",1986,0.565027
4,"fish_oil",1987,0.632177
4,"fish_oil",1988,0.750972
4,"fish_oil",1989,0.886766
4,"fish_oil",1990,0.944716
4,"fish_oil",1991,1
4,"fish_oil",1992,1
4,"fish_oil",1993,1
4,"fish_oil",1994,1
4,"fish_oil",1995,1
4,"fish_oil",1996,1
4,"fish_oil",1997,1
4,"fish_oil",1998,1
4,"fish_oil",1999,1
4,"fish_oil",2000,1
4,"fish_oil",2001,1
4,"fish_oil",2002,1
4,"fish_oil",2003,0.986976
4,"fish_oil",2004,0.791505
4,"fish_oil",2005,0.628207
4,"fish_oil",2006,0.413777
4,"fish_oil",2007,0.331125
4,"fish_oil",2008,0.359096
4,"fish_oil",2009,0.408641
4,"fish_oil",2010,0.434028
4,"fish_oil",2011,0.432036
4,"ornamentals",1976,0.216685
4,"ornamentals",1977,0.200433
4,"ornamentals",1978,0.222102
4,"ornamentals",1979,0.314193
4,"ornamentals",1980,0.335861
4,"ornamentals",1981,0.471289
4,"ornamentals",1982,0.671723
4,"ornamentals",1983,0.807151
4,"ornamentals",1984,1
4,"ornamentals",1985,1
4,"ornamentals",1986,0.95883
4,"ornamentals",1987,0.817985
4,"ornamentals",1988,0.633803
4,"ornamentals",1989,0.482124
4,"ornamentals",1990,0.417118
4,"ornamentals",1991,0.362947
4,"ornamentals",1992,0.341278
4,"ornamentals",1993,0.249187
4,"ornamentals",1994,0.167931
4,"ornamentals",1995,0.0866739
4,"ornamentals",1996,0
4,"ornamentals",1997,0
4,"ornamentals",1998,0.0108342
4,"ornamentals",1999,0.0108342
4,"ornamentals",2000,1
4,"ornamentals",2001,1
4,"ornamentals",2002,1
4,"ornamentals",2003,1
4,"ornamentals",2004,0.276273
4,"ornamentals",2005,0.00541712
4,"ornamentals",2006,0.00541712
4,"ornamentals",2007,0.0108342
4,"ornamentals",2008,0.0325027
4,"ornamentals",2009,0.0595883
4,"ornamentals",2010,0.0794511
4,"ornamentals",2011,0.108342
4,"seaweeds",1994,1
4,"seaweeds",1995,1
4,"seaweeds",1996,0.531377
4,"seaweeds",1997,0.394737
4,"seaweeds",1998,0.425101
4,"seaweeds",1999,0.41751
4,"seaweeds",2000,0.334008
4,"seaweeds",2001,0.250506
4,"seaweeds",2002,0.364372
4,"seaweeds",2003,0.28087
4,"seaweeds",2004,0.265688
4,"seaweeds",2005,0.364372
4,"seaweeds",2006,0.189777
4,"seaweeds",2007,0.288462
4,"seaweeds",2008,0.394737
4,"seaweeds",2009,0.394737
4,"seaweeds",2010,0.475709
4,"seaweeds",2011,0.455466
4,"shells",1995,0.0549451
4,"shells",1996,0.0412088
4,"shells",1997,0.0462038
4,"shells",1998,0.0899101
4,"shells",1999,0.228521
4,"shells",2000,0.412088
4,"shells",2001,0.488262
4,"shells",2002,0.460789
4,"shells",2003,0.999001
4,"shells",2004,0.915335
4,"shells",2005,1
4,"shells",2006,1
4,"shells",2007,1
4,"shells",2008,1
4,"shells",2009,0.769231
4,"shells",2010,0.42957
4,"shells",2011,0.16983
4,"sponges",1994,0.0121139
4,"sponges",1995,0.0136281
4,"sponges",1996,0.0045427
4,"sponges",1997,0.0090854
4,"sponges",1998,0.0090854
4,"sponges",1999,0.0045427
4,"sponges",2000,0.0090854
4,"sponges",2001,0.0045427
4,"sponges",2002,0.0045427
4,"sponges",2003,0.0045427
4,"sponges",2004,0.0045427
4,"sponges",2005,0.0045427
4,"sponges",2006,0.0090854
4,"sponges",2007,0.499697
4,"sponges",2008,0.804058
4,"sponges",2009,1
4,"sponges",2010,1
4,"sponges",2011,1
5,"fish_oil",1976,0.636691
5,"fish_oil",1977,0.646139
5,"fish_oil",1978,0.620176
5,"fish_oil",1979,0.672522
5,"fish_oil",1980,0.784267
5,"fish_oil",1981,0.746583
5,"fish_oil",1982,0.732948
5,"fish_oil",1983,0.659121
5,"fish_oil",1984,0.55312
5,"fish_oil",1985,0.561151
5,"fish_oil",1986,0.565027
5,"fish_oil",1987,0.632177
5,"fish_oil",1988,0.750972
5,"fish_oil",1989,0.886766
5,"fish_oil",1990,0.944716
5,"fish_oil",1991,1
5,"fish_oil",1992,1
5,"fish_oil",1993,1
5,"fish_oil",1994,1
5,"fish_oil",1995,1
5,"fish_oil",1996,1
5,"fish_oil",1997,1
5,"fish_oil",1998,1
5,"fish_oil",1999,1
5,"fish_oil",2000,1
5,"fish_oil",2001,1
5,"fish_oil",2002,1
5,"fish_oil",2003,0.986976
5,"fish_oil",2004,0.791505
5,"fish_oil",2005,0.628207
5,"fish_oil",2006,0.413777
5,"fish_oil",2007,0.331125
5,"fish_oil",2008,0.359096
5,"fish_oil",2009,0.408641
5,"fish_oil",2010,0.434028
5,"fish_oil",2011,0.432036
5,"ornamentals",1976,0.216685
5,"ornamentals",1977,0.200433
5,"ornamentals",1978,0.222102
5,"ornamentals",1979,0.314193
5,"ornamentals",1980,0.335861
5,"ornamentals",1981,0.471289
5,"ornamentals",1982,0.671723
5,"ornamentals",1983,0.807151
5,"ornamentals",1984,1
5,"ornamentals",1985,1
5,"ornamentals",1986,0.95883
5,"ornamentals",1987,0.817985
5,"ornamentals",1988,0.633803
5,"ornamentals",1989,0.482124
5,"ornamentals",1990,0.417118
5,"ornamentals",1991,0.362947
5,"ornamentals",1992,0.341278
5,"ornamentals",1993,0.249187
5,"ornamentals",1994,0.167931
5,"ornamentals",1995,0.0866739
5,"ornamentals",1996,0
5,"ornamentals",1997,0
5,"ornamentals",1998,0.0108342
5,"ornamentals",1999,0.0108342
5,"ornamentals",2000,1
5,"ornamentals",2001,1
5,"ornamentals",2002,1
5,"ornamentals",2003,1
5,"ornamentals",2004,0.276273
5,"ornamentals",2005,0.00541712
5,"ornamentals",2006,0.00541712
5,"ornamentals",2007,0.0108342
5,"ornamentals",2008,0.0325027
5,"ornamentals",2009,0.0595883
5,"ornamentals",2010,0.0794511
5,"ornamentals",2011,0.108342
5,"seaweeds",1994,1
5,"seaweeds",1995,1
5,"seaweeds",1996,0.531377
5,"seaweeds",1997,0.394737
5,"seaweeds",1998,0.425101
5,"seaweeds",1999,0.41751
5,"seaweeds",2000,0.334008
5,"seaweeds",2001,0.250506
5,"seaweeds",2002,0.364372
5,"seaweeds",2003,0.28087
5,"seaweeds",2004,0.265688
5,"seaweeds",2005,0.364372
5,"seaweeds",2006,0.189777
5,"seaweeds",2007,0.288462
5,"seaweeds",2008,0.394737
5,"seaweeds",2009,0.394737
5,"seaweeds",2010,0.475709
5,"seaweeds",2011,0.455466
5,"shells",1995,0.0549451
5,"shells",1996,0.0412088
5,"shells",1997,0.0462038
5,"shells",1998,0.0899101
5,"shells",1999,0.228521
5,"shells",2000,0.412088
5,"shells",2001,0.488262
5,"shells",2002,0.460789
5,"shells",2003,0.999001
5,"shells",2004,0.915335
5,"shells",2005,1
5,"shells",2006,1
5,"shells",2007,1
5,"shells",2008,1
5,"shells",2009,0.769231
5,"shells",2010,0.42957
5,"shells",2011,0.16983
5,"sponges",1994,0.0121139
5,"sponges",1995,0.0136281
5,"sponges",1996,0.0045427
5,"sponges",1997,0.0090854
5,"sponges",1998,0.0090854
5,"sponges",1999,0.0045427
5,"sponges",2000,0.0090854
5,"sponges",2001,0.0045427
5,"sponges",2002,0.0045427
5,"sponges",2003,0.0045427
5,"sponges",2004,0.0045427
5,"sponges",2005,0.0045427
5,"sponges",2006,0.0090854
5,"sponges",2007,0.499697
5,"sponges",2008,0.804058
5,"sponges",2009,1
5,"sponges",2010,1
5,"sponges",2011,1
6,"fish_oil",1983,0.0600009
6,"fish_oil",1984,0.0646885
6,"fish_oil",1985,0.0217972
6,"fish_oil",1986,0.0492195
6,"fish_oil",1987,0.0506258
6,"fish_oil",1988,0.265785
6,"fish_oil",1989,0.263676
6,"fish_oil",1990,0.236254
6,"fish_oil",1991,0.24891
6,"fish_oil",1992,0.0182815
6,"fish_oil",1993,0.0253129
6,"fish_oil",1994,0.0274223
6,"fish_oil",1995,0.0203909
6,"fish_oil",1996,0.0168753
6,"fish_oil",1997,0.0126564
6,"fish_oil",1998,0.0112502
6,"fish_oil",1999,0.0175784
6,"fish_oil",2000,0.0175784
6,"fish_oil",2001,0.0203909
6,"fish_oil",2002,0.0203909
6,"fish_oil",2003,0.0112502
6,"fish_oil",2004,0.0203909
6,"fish_oil",2005,0.150471
6,"fish_oil",2006,0.626494
6,"fish_oil",2007,0.655323
6,"fish_oil",2008,0.945718
6,"fish_oil",2009,1
6,"fish_oil",2010,1
6,"fish_oil",2011,1
6,"seaweeds",1996,1
6,"seaweeds",1997,1
6,"seaweeds",1998,0.786325
6,"seaweeds",1999,0.205128
6,"seaweeds",2000,0.136752
6,"seaweeds",2001,0.102564
6,"seaweeds",2002,0.034188
6,"seaweeds",2003,0.034188
6,"seaweeds",2004,0.0683761
6,"seaweeds",2005,0.410256
6,"seaweeds",2006,0.752137
6,"seaweeds",2007,1
6,"seaweeds",2008,1
6,"seaweeds",2009,1
6,"seaweeds",2010,1
6,"seaweeds",2011,0.957265
7,"fish_oil",1983,0.0600009
7,"fish_oil",1984,0.0646885
7,"fish_oil",1985,0.0217972
7,"fish_oil",1986,0.0492195
7,"fish_oil",1987,0.0506258
7,"fish_oil",1988,0.265785
7,"fish_oil",1989,0.263676
7,"fish_oil",1990,0.236254
7,"fish_oil",1991,0.24891
7,"fish_oil",1992,0.0182815
7,"fish_oil",1993,0.0253129
7,"fish_oil",1994,0.0274223
7,"fish_oil",1995,0.0203909
7,"fish_oil",1996,0.0168753
7,"fish_oil",1997,0.0126564
7,"fish_oil",1998,0.0112502
7,"fish_oil",1999,0.0175784
7,"fish_oil",2000,0.0175784
7,"fish_oil",2001,0.0203909
7,"fish_oil",2002,0.0203909
7,"fish_oil",2003,0.0112502
7,"fish_oil",2004,0.0203909
7,"fish_oil",2005,0.150471
7,"fish_oil",2006,0.626494
7,"fish_oil",2007,0.655323
7,"fish_oil",2008,0.945718
7,"fish_oil",2009,1
7,"fish_oil",2010,1
7,"fish_oil",2011,1
7,"seaweeds",1996,1
7,"seaweeds",1997,1
7,"seaweeds",1998,0.786325
7,"seaweeds",1999,0.205128
7,"seaweeds",2000,0.136752
7,"seaweeds",2001,0.102564
7,"seaweeds",2002,0.034188
7,"seaweeds",2003,0.034188
7,"seaweeds",2004,0.0683761
7,"seaweeds",2005,0.410256
7,"seaweeds",2006,0.752137
7,"seaweeds",2007,1
7,"seaweeds",2008,1
7,"seaweeds",2009,1
7,"seaweeds",2010,1
7,"seaweeds",2011,0.957265
8,"fish_oil",1983,0.0600009
8,"fish_oil",1984,0.0646885
8,"fish_oil",1985,0.0217972
8,"fish_oil",1986,0.0492195
8,"fish_oil",1987,0.0506258
8,"fish_oil",1988,0.265785
8,"fish_oil",1989,0.263676
8,"fish_oil",1990,0.236254
8,"fish_oil",1991,0.24891
8,"fish_oil",1992,0.0182815
8,"fish_oil",1993,0.0253129
8,"fish_oil",1994,0.0274223
8,"fish_oil",1995,0.0203909
8,"fish_oil",1996,0.0168753
8,"fish_oil",1997,0.0126564
8,"fish_oil",1998,0.0112502
8,"fish_oil",1999,0.0175784
8,"fish_oil",2000,0.0175784
8,"fish_oil",2001,0.0203909
8,"fish_oil",2002,0.0203909
8,"fish_oil",2003,0.0112502
8,"fish_oil",2004,0.0203909
8,"fish_oil",2005,0.150471
8,"fish_oil",2006,0.626494
8,"fish_oil",2007,0.655323
8,"fish_oil",2008,0.945718
8,"fish_oil",2009,1
8,"fish_oil",2010,1
8,"fish_oil",2011,1
8,"seaweeds",1996,1
8,"seaweeds",1997,1
8,"seaweeds",1998,0.786325
8,"seaweeds",1999,0.205128
8,"seaweeds",2000,0.136752
8,"seaweeds",2001,0.102564
8,"seaweeds",2002,0.034188
8,"seaweeds",2003,0.034188
8,"seaweeds",2004,0.0683761
8,"seaweeds",2005,0.410256
8,"seaweeds",2006,0.752137
8,"seaweeds",2007,1
8,"seaweeds",2008,1
8,"seaweeds",2009,1
8,"seaweeds",2010,1
8,"seaweeds",2011,0.957265
9,"fish_oil",1983,0.0600009
9,"fish_oil",1984,0.0646885
9,"fish_oil",1985,0.0217972
9,"fish_oil",1986,0.0492195
9,"fish_oil",1987,0.0506258
9,"fish_oil",1988,0.265785
9,"fish_oil",1989,0.263676
9,"fish_oil",1990,0.236254
9,"fish_oil",1991,0.24891
9,"fish_oil",1992,0.0182815
9,"fish_oil",1993,0.0253129
9,"fish_oil",1994,0.0274223
9,"fish_oil",1995,0.0203909
9,"fish_oil",1996,0.0168753
9,"fish_oil",1997,0.0126564
9,"fish_oil",1998,0.0112502
9,"fish_oil",1999,0.0175784
9,"fish_oil",2000,0.0175784
9,"fish_oil",2001,0.0203909
9,"fish_oil",2002,0.0203909
9,"fish_oil",2003,0.0112502
9,"fish_oil",2004,0.0203909
9,"fish_oil",2005,0.150471
9,"fish_oil",2006,0.626494
9,"fish_oil",2007,0.655323
9,"fish_oil",2008,0.945718
9,"fish_oil",2009,1
9,"fish_oil",2010,1
9,"fish_oil",2011,1
9,"seaweeds",1996,1
9,"seaweeds",1997,1
9,"seaweeds",1998,0.786325
9,"seaweeds",1999,0.205128
9,"seaweeds",2000,0.136752
9,"seaweeds",2001,0.102564
9,"seaweeds",2002,0.034188
9,"seaweeds",2003,0.034188
9,"seaweeds",2004,0.0683761
9,"seaweeds",2005,0.410256
9,"seaweeds",2006,0.752137
9,"seaweeds",2007,1
9,"seaweeds",2008,1
9,"seaweeds",2009,1
9,"seaweeds",2010,1
9,"seaweeds",2011,0.957265
10,NA,NA,NA
11,"fish_oil",1976,0.699909
11,"fish_oil",1977,0.674995
11,"fish_oil",1978,0.719519
11,"fish_oil",1979,0.752894
11,"fish_oil",1980,0.761592
11,"fish_oil",1981,0.769881
11,"fish_oil",1982,0.675469
11,"fish_oil",1983,0.610994
11,"fish_oil",1984,0.593858
11,"fish_oil",1985,0.52751
11,"fish_oil",1986,0.4898
11,"fish_oil",1987,0.410421
11,"fish_oil",1988,0.356148
11,"fish_oil",1989,0.446066
11,"fish_oil",1990,0.553623
11,"fish_oil",1991,0.664995
11,"fish_oil",1992,0.799773
11,"fish_oil",1993,0.944118
11,"fish_oil",1994,0.97591
11,"fish_oil",1995,1
11,"fish_oil",1996,0.994307
11,"fish_oil",1997,0.886875
11,"fish_oil",1998,0.900254
11,"fish_oil",1999,0.88098
11,"fish_oil",2000,0.894909
11,"fish_oil",2001,0.913904
11,"fish_oil",2002,0.911526
11,"fish_oil",2003,0.931709
11,"fish_oil",2004,1
11,"fish_oil",2005,1
11,"fish_oil",2006,1
11,"fish_oil",2007,1
11,"fish_oil",2008,1
11,"fish_oil",2009,1
11,"fish_oil",2010,1
11,"fish_oil",2011,1
11,"ornamentals",1988,0.312907
11,"ornamentals",1989,0.591047
11,"ornamentals",1990,0.538896
11,"ornamentals",1991,0.573664
11,"ornamentals",1992,0.538896
11,"ornamentals",1993,1
11,"ornamentals",1994,1
11,"ornamentals",1995,1
11,"ornamentals",1996,1
11,"ornamentals",1997,0.112994
11,"ornamentals",1998,0.121686
11,"ornamentals",1999,0.156454
11,"ornamentals",2000,0.0782269
11,"ornamentals",2001,0.0608431
11,"ornamentals",2002,0.0521512
11,"ornamentals",2003,0.0173837
11,"ornamentals",2004,0.0173837
11,"ornamentals",2005,0.00869187
11,"ornamentals",2006,0.00869187
11,"ornamentals",2007,0.00869187
11,"ornamentals",2008,0
11,"ornamentals",2009,0
11,"ornamentals",2010,0
11,"ornamentals",2011,0
11,"seaweeds",1983,0.0309
11,"seaweeds",1984,0.0303057
11,"seaweeds",1985,0.0418932
11,"seaweeds",1986,0.0579374
11,"seaweeds",1987,0.0695249
11,"seaweeds",1988,0.0623942
11,"seaweeds",1989,0.0401105
11,"seaweeds",1990,0.0178269
11,"seaweeds",1991,0
11,"seaweeds",1992,0.00713076
11,"seaweeds",1993,0.0632855
11,"seaweeds",1994,0.171138
11,"seaweeds",1995,0.332472
11,"seaweeds",1996,0.417149
11,"seaweeds",1997,0.47063
11,"seaweeds",1998,0.493805
11,"seaweeds",1999,0.625724
11,"seaweeds",2000,0.581157
11,"seaweeds",2001,0.574026
11,"seaweeds",2002,0.668509
11,"seaweeds",2003,0.935021
11,"seaweeds",2004,1
11,"seaweeds",2005,1
11,"seaweeds",2006,1
11,"seaweeds",2007,0.807559
11,"seaweeds",2008,0.948391
11,"seaweeds",2009,1
11,"seaweeds",2010,1
11,"seaweeds",2011,1
11,"shells",1976,1
11,"shells",1977,1
11,"shells",1978,1
11,"shells",1979,1
11,"shells",1980,1
11,"shells",1981,1
11,"shells",1982,1
11,"shells",1983,1
11,"shells",1984,1
11,"shells",1985,1
11,"shells",1986,1
11,"shells",1987,1
11,"shells",1988,1
11,"shells",1989,0.769899
11,"shells",1990,0.399792
11,"shells",1991,0
11,"shells",1992,0.325492
11,"shells",1993,0.571416
11,"shells",1994,0.887329
11,"shells",1995,1
11,"shells",1996,1
11,"shells",1997,1
11,"shells",1998,0.800135
11,"shells",1999,0.58191
11,"shells",2000,0.630505
11,"shells",2001,0.825933
11,"shells",2002,0.771894
11,"shells",2003,0.587874
11,"shells",2004,0.336256
11,"shells",2005,0.102946
11,"shells",2006,0.0745389
11,"shells",2007,0.0611772
11,"shells",2008,0.064554
11,"shells",2009,0.0704971
11,"shells",2010,0.0685334
11,"shells",2011,0.0692607
11,"sponges",1988,0.037296
11,"sponges",1989,0.027972
11,"sponges",1990,0
11,"sponges",1991,0
11,"sponges",1992,0.0559441
11,"sponges",1993,1
11,"sponges",1994,1
11,"sponges",1995,1
11,"sponges",1996,1
11,"sponges",1997,0
11,"sponges",1998,0
11,"sponges",1999,0
11,"sponges",2000,0
11,"sponges",2001,0
11,"sponges",2002,0
11,"sponges",2003,0
11,"sponges",2004,0
11,"sponges",2005,0.27972
11,"sponges",2006,0.979021
11,"sponges",2007,1
11,"sponges",2008,1
11,"sponges",2009,1
11,"sponges",2010,0.932401
11,"sponges",2011,1
12,"fish_oil",1976,0.699909
12,"fish_oil",1977,0.674995
12,"fish_oil",1978,0.719519
12,"fish_oil",1979,0.752894
12,"fish_oil",1980,0.761592
12,"fish_oil",1981,0.769881
12,"fish_oil",1982,0.675469
12,"fish_oil",1983,0.610994
12,"fish_oil",1984,0.593858
12,"fish_oil",1985,0.52751
12,"fish_oil",1986,0.4898
12,"fish_oil",1987,0.410421
12,"fish_oil",1988,0.356148
12,"fish_oil",1989,0.446066
12,"fish_oil",1990,0.553623
12,"fish_oil",1991,0.664995
12,"fish_oil",1992,0.799773
12,"fish_oil",1993,0.944118
12,"fish_oil",1994,0.97591
12,"fish_oil",1995,1
12,"fish_oil",1996,0.994307
12,"fish_oil",1997,0.886875
12,"fish_oil",1998,0.900254
12,"fish_oil",1999,0.88098
12,"fish_oil",2000,0.894909
12,"fish_oil",2001,0.913904
12,"fish_oil",2002,0.911526
12,"fish_oil",2003,0.931709
12,"fish_oil",2004,1
12,"fish_oil",2005,1
12,"fish_oil",2006,1
12,"fish_oil",2007,1
12,"fish_oil",2008,1
12,"fish_oil",2009,1
12,"fish_oil",2010,1
12,"fish_oil",2011,1
12,"ornamentals",1988,0.312907
12,"ornamentals",1989,0.591047
12,"ornamentals",1990,0.538896
12,"ornamentals",1991,0.573664
12,"ornamentals",1992,0.538896
12,"ornamentals",1993,1
12,"ornamentals",1994,1
12,"ornamentals",1995,1
12,"ornamentals",1996,1
12,"ornamentals",1997,0.112994
12,"ornamentals",1998,0.121686
12,"ornamentals",1999,0.156454
12,"ornamentals",2000,0.0782269
12,"ornamentals",2001,0.0608431
12,"ornamentals",2002,0.0521512
12,"ornamentals",2003,0.0173837
12,"ornamentals",2004,0.0173837
12,"ornamentals",2005,0.00869187
12,"ornamentals",2006,0.00869187
12,"ornamentals",2007,0.00869187
12,"ornamentals",2008,0
12,"ornamentals",2009,0
12,"ornamentals",2010,0
12,"ornamentals",2011,0
12,"seaweeds",1983,0.0309
12,"seaweeds",1984,0.0303057
12,"seaweeds",1985,0.0418932
12,"seaweeds",1986,0.0579374
12,"seaweeds",1987,0.0695249
12,"seaweeds",1988,0.0623942
12,"seaweeds",1989,0.0401105
12,"seaweeds",1990,0.0178269
12,"seaweeds",1991,0
12,"seaweeds",1992,0.00713076
12,"seaweeds",1993,0.0632855
12,"seaweeds",1994,0.171138
12,"seaweeds",1995,0.332472
12,"seaweeds",1996,0.417149
12,"seaweeds",1997,0.47063
12,"seaweeds",1998,0.493805
12,"seaweeds",1999,0.625724
12,"seaweeds",2000,0.581157
12,"seaweeds",2001,0.574026
12,"seaweeds",2002,0.668509
12,"seaweeds",2003,0.935021
12,"seaweeds",2004,1
12,"seaweeds",2005,1
12,"seaweeds",2006,1
12,"seaweeds",2007,0.807559
12,"seaweeds",2008,0.948391
12,"seaweeds",2009,1
12,"seaweeds",2010,1
12,"seaweeds",2011,1
12,"shells",1976,1
12,"shells",1977,1
12,"shells",1978,1
12,"shells",1979,1
12,"shells",1980,1
12,"shells",1981,1
12,"shells",1982,1
12,"shells",1983,1
12,"shells",1984,1
12,"shells",1985,1
12,"shells",1986,1
12,"shells",1987,1
12,"shells",1988,1
12,"shells",1989,0.769899
12,"shells",1990,0.399792
12,"shells",1991,0
12,"shells",1992,0.325492
12,"shells",1993,0.571416
12,"shells",1994,0.887329
12,"shells",1995,1
12,"shells",1996,1
12,"shells",1997,1
12,"shells",1998,0.800135
12,"shells",1999,0.58191
12,"shells",2000,0.630505
12,"shells",2001,0.825933
12,"shells",2002,0.771894
12,"shells",2003,0.587874
12,"shells",2004,0.336256
12,"shells",2005,0.102946
12,"shells",2006,0.0745389
12,"shells",2007,0.0611772
12,"shells",2008,0.064554
12,"shells",2009,0.0704971
12,"shells",2010,0.0685334
12,"shells",2011,0.0692607
12,"sponges",1988,0.037296
12,"sponges",1989,0.027972
12,"sponges",1990,0
12,"sponges",1991,0
12,"sponges",1992,0.0559441
12,"sponges",1993,1
12,"sponges",1994,1
12,"sponges",1995,1
12,"sponges",1996,1
12,"sponges",1997,0
12,"sponges",1998,0
12,"sponges",1999,0
12,"sponges",2000,0
12,"sponges",2001,0
12,"sponges",2002,0
12,"sponges",2003,0
12,"sponges",2004,0
12,"sponges",2005,0.27972
12,"sponges",2006,0.979021
12,"sponges",2007,1
12,"sponges",2008,1
12,"sponges",2009,1
12,"sponges",2010,0.932401
12,"sponges",2011,1
13,"fish_oil",1976,0.699909
13,"fish_oil",1977,0.674995
13,"fish_oil",1978,0.719519
13,"fish_oil",1979,0.752894
13,"fish_oil",1980,0.761592
13,"fish_oil",1981,0.769881
13,"fish_oil",1982,0.675469
13,"fish_oil",1983,0.610994
13,"fish_oil",1984,0.593858
13,"fish_oil",1985,0.52751
13,"fish_oil",1986,0.4898
13,"fish_oil",1987,0.410421
13,"fish_oil",1988,0.356148
13,"fish_oil",1989,0.446066
13,"fish_oil",1990,0.553623
13,"fish_oil",1991,0.664995
13,"fish_oil",1992,0.799773
13,"fish_oil",1993,0.944118
13,"fish_oil",1994,0.97591
13,"fish_oil",1995,1
13,"fish_oil",1996,0.994307
13,"fish_oil",1997,0.886875
13,"fish_oil",1998,0.900254
13,"fish_oil",1999,0.88098
13,"fish_oil",2000,0.894909
13,"fish_oil",2001,0.913904
13,"fish_oil",2002,0.911526
13,"fish_oil",2003,0.931709
13,"fish_oil",2004,1
13,"fish_oil",2005,1
13,"fish_oil",2006,1
13,"fish_oil",2007,1
13,"fish_oil",2008,1
13,"fish_oil",2009,1
13,"fish_oil",2010,1
13,"fish_oil",2011,1
13,"ornamentals",1988,0.312907
13,"ornamentals",1989,0.591047
13,"ornamentals",1990,0.538896
13,"ornamentals",1991,0.573664
13,"ornamentals",1992,0.538896
13,"ornamentals",1993,1
13,"ornamentals",1994,1
13,"ornamentals",1995,1
13,"ornamentals",1996,1
13,"ornamentals",1997,0.112994
13,"ornamentals",1998,0.121686
13,"ornamentals",1999,0.156454
13,"ornamentals",2000,0.0782269
13,"ornamentals",2001,0.0608431
13,"ornamentals",2002,0.0521512
13,"ornamentals",2003,0.0173837
13,"ornamentals",2004,0.0173837
13,"ornamentals",2005,0.00869187
13,"ornamentals",2006,0.00869187
13,"ornamentals",2007,0.00869187
13,"ornamentals",2008,0
13,"ornamentals",2009,0
13,"ornamentals",2010,0
13,"ornamentals",2011,0
13,"seaweeds",1983,0.0309
13,"seaweeds",1984,0.0303057
13,"seaweeds",1985,0.0418932
13,"seaweeds",1986,0.0579374
13,"seaweeds",1987,0.0695249
13,"seaweeds",1988,0.0623942
13,"seaweeds",1989,0.0401105
13,"seaweeds",1990,0.0178269
13,"seaweeds",1991,0
13,"seaweeds",1992,0.00713076
13,"seaweeds",1993,0.0632855
13,"seaweeds",1994,0.171138
13,"seaweeds",1995,0.332472
13,"seaweeds",1996,0.417149
13,"seaweeds",1997,0.47063
13,"seaweeds",1998,0.493805
13,"seaweeds",1999,0.625724
13,"seaweeds",2000,0.581157
13,"seaweeds",2001,0.574026
13,"seaweeds",2002,0.668509
13,"seaweeds",2003,0.935021
13,"seaweeds",2004,1
13,"seaweeds",2005,1
13,"seaweeds",2006,1
13,"seaweeds",2007,0.807559
13,"seaweeds",2008,0.948391
13,"seaweeds",2009,1
13,"seaweeds",2010,1
13,"seaweeds",2011,1
13,"shells",1976,1
13,"shells",1977,1
13,"shells",1978,1
13,"shells",1979,1
13,"shells",1980,1
13,"shells",1981,1
13,"shells",1982,1
13,"shells",1983,1
13,"shells",1984,1
13,"shells",1985,1
13,"shells",1986,1
13,"shells",1987,1
13,"shells",1988,1
13,"shells",1989,0.769899
13,"shells",1990,0.399792
13,"shells",1991,0
13,"shells",1992,0.325492
13,"shells",1993,0.571416
13,"shells",1994,0.887329
13,"shells",1995,1
13,"shells",1996,1
13,"shells",1997,1
13,"shells",1998,0.800135
13,"shells",1999,0.58191
13,"shells",2000,0.630505
13,"shells",2001,0.825933
13,"shells",2002,0.771894
13,"shells",2003,0.587874
13,"shells",2004,0.336256
13,"shells",2005,0.102946
13,"shells",2006,0.0745389
13,"shells",2007,0.0611772
13,"shells",2008,0.064554
13,"shells",2009,0.0704971
13,"shells",2010,0.0685334
13,"shells",2011,0.0692607
13,"sponges",1988,0.037296
13,"sponges",1989,0.027972
13,"sponges",1990,0
13,"sponges",1991,0
13,"sponges",1992,0.0559441
13,"sponges",1993,1
13,"sponges",1994,1
13,"sponges",1995,1
13,"sponges",1996,1
13,"sponges",1997,0
13,"sponges",1998,0
13,"sponges",1999,0
13,"sponges",2000,0
13,"sponges",2001,0
13,"sponges",2002,0
13,"sponges",2003,0
13,"sponges",2004,0
13,"sponges",2005,0.27972
13,"sponges",2006,0.979021
13,"sponges",2007,1
13,"sponges",2008,1
13,"sponges",2009,1
13,"sponges",2010,0.932401
13,"sponges",2011,1
14,"fish_oil",1976,0.699909
14,"fish_oil",1977,0.674995
14,"fish_oil",1978,0.719519
14,"fish_oil",1979,0.752894
14,"fish_oil",1980,0.761592
14,"fish_oil",1981,0.769881
14,"fish_oil",1982,0.675469
14,"fish_oil",1983,0.610994
14,"fish_oil",1984,0.593858
14,"fish_oil",1985,0.52751
14,"fish_oil",1986,0.4898
14,"fish_oil",1987,0.410421
14,"fish_oil",1988,0.356148
14,"fish_oil",1989,0.446066
14,"fish_oil",1990,0.553623
14,"fish_oil",1991,0.664995
14,"fish_oil",1992,0.799773
14,"fish_oil",1993,0.944118
14,"fish_oil",1994,0.97591
14,"fish_oil",1995,1
14,"fish_oil",1996,0.994307
14,"fish_oil",1997,0.886875
14,"fish_oil",1998,0.900254
14,"fish_oil",1999,0.88098
14,"fish_oil",2000,0.894909
14,"fish_oil",2001,0.913904
14,"fish_oil",2002,0.911526
14,"fish_oil",2003,0.931709
14,"fish_oil",2004,1
14,"fish_oil",2005,1
14,"fish_oil",2006,1
14,"fish_oil",2007,1
14,"fish_oil",2008,1
14,"fish_oil",2009,1
14,"fish_oil",2010,1
14,"fish_oil",2011,1
14,"ornamentals",1988,0.312907
14,"ornamentals",1989,0.591047
14,"ornamentals",1990,0.538896
14,"ornamentals",1991,0.573664
14,"ornamentals",1992,0.538896
14,"ornamentals",1993,1
14,"ornamentals",1994,1
14,"ornamentals",1995,1
14,"ornamentals",1996,1
14,"ornamentals",1997,0.112994
14,"ornamentals",1998,0.121686
14,"ornamentals",1999,0.156454
14,"ornamentals",2000,0.0782269
14,"ornamentals",2001,0.0608431
14,"ornamentals",2002,0.0521512
14,"ornamentals",2003,0.0173837
14,"ornamentals",2004,0.0173837
14,"ornamentals",2005,0.00869187
14,"ornamentals",2006,0.00869187
14,"ornamentals",2007,0.00869187
14,"ornamentals",2008,0
14,"ornamentals",2009,0
14,"ornamentals",2010,0
14,"ornamentals",2011,0
14,"seaweeds",1983,0.0309
14,"seaweeds",1984,0.0303057
14,"seaweeds",1985,0.0418932
14,"seaweeds",1986,0.0579374
14,"seaweeds",1987,0.0695249
14,"seaweeds",1988,0.0623942
14,"seaweeds",1989,0.0401105
14,"seaweeds",1990,0.0178269
14,"seaweeds",1991,0
14,"seaweeds",1992,0.00713076
14,"seaweeds",1993,0.0632855
14,"seaweeds",1994,0.171138
14,"seaweeds",1995,0.332472
14,"seaweeds",1996,0.417149
14,"seaweeds",1997,0.47063
14,"seaweeds",1998,0.493805
14,"seaweeds",1999,0.625724
14,"seaweeds",2000,0.581157
14,"seaweeds",2001,0.574026
14,"seaweeds",2002,0.668509
14,"seaweeds",2003,0.935021
14,"seaweeds",2004,1
14,"seaweeds",2005,1
14,"seaweeds",2006,1
14,"seaweeds",2007,0.807559
14,"seaweeds",2008,0.948391
14,"seaweeds",2009,1
14,"seaweeds",2010,1
14,"seaweeds",2011,1
14,"shells",1976,1
14,"shells",1977,1
14,"shells",1978,1
14,"shells",1979,1
14,"shells",1980,1
14,"shells",1981,1
14,"shells",1982,1
14,"shells",1983,1
14,"shells",1984,1
14,"shells",1985,1
14,"shells",1986,1
14,"shells",1987,1
14,"shells",1988,1
14,"shells",1989,0.769899
14,"shells",1990,0.399792
14,"shells",1991,0
14,"shells",1992,0.325492
14,"shells",1993,0.571416
14,"shells",1994,0.887329
14,"shells",1995,1
14,"shells",1996,1
14,"shells",1997,1
14,"shells",1998,0.800135
14,"shells",1999,0.58191
14,"shells",2000,0.630505
14,"shells",2001,0.825933
14,"shells",2002,0.771894
14,"shells",2003,0.587874
14,"shells",2004,0.336256
14,"shells",2005,0.102946
14,"shells",2006,0.0745389
14,"shells",2007,0.0611772
14,"shells",2008,0.064554
14,"shells",2009,0.0704971
14,"shells",2010,0.0685334
14,"shells",2011,0.0692607
14,"sponges",1988,0.037296
14,"sponges",1989,0.027972
14,"sponges",1990,0
14,"sponges",1991,0
14,"sponges",1992,0.0559441
14,"sponges",1993,1
14,"sponges",1994,1
14,"sponges",1995,1
14,"sponges",1996,1
14,"sponges",1997,0
14,"sponges",1998,0
14,"sponges",1999,0
14,"sponges",2000,0
14,"sponges",2001,0
14,"sponges",2002,0
14,"sponges",2003,0
14,"sponges",2004,0
14,"sponges",2005,0.27972
14,"sponges",2006,0.979021
14,"sponges",2007,1
14,"sponges",2008,1
14,"sponges",2009,1
14,"sponges",2010,0.932401
14,"sponges",2011,1
15,"fish_oil",1976,0.82073
15,"fish_oil",1977,0.737814
15,"fish_oil",1978,0.623776
15,"fish_oil",1979,0.615378
15,"fish_oil",1980,0.543398
15,"fish_oil",1981,0.560229
15,"fish_oil",1982,0.556353
15,"fish_oil",1983,0.470535
15,"fish_oil",1984,0.414944
15,"fish_oil",1985,0.370369
15,"fish_oil",1986,0.475499
15,"fish_oil",1987,0.789053
15,"fish_oil",1988,0.900099
15,"fish_oil",1989,1
15,"fish_oil",1990,1
15,"fish_oil",1991,0.869737
15,"fish_oil",1992,0.801361
15,"fish_oil",1993,1
15,"fish_oil",1994,0.966095
15,"fish_oil",1995,0.955418
15,"fish_oil",1996,1
15,"fish_oil",1997,0.572265
15,"fish_oil",1998,0.478219
15,"fish_oil",1999,0.577365
15,"fish_oil",2000,0.604532
15,"fish_oil",2001,0.754372
15,"fish_oil",2002,1
15,"fish_oil",2003,0.963442
15,"fish_oil",2004,0.995267
15,"fish_oil",2005,1
15,"fish_oil",2006,1
15,"fish_oil",2007,1
15,"fish_oil",2008,1
15,"fish_oil",2009,1
15,"fish_oil",2010,1
15,"fish_oil",2011,1
15,"ornamentals",1988,0.194332
15,"ornamentals",1989,0.680162
15,"ornamentals",1990,0.744939
15,"ornamentals",1991,1
15,"ornamentals",1992,1
15,"ornamentals",1993,1
15,"ornamentals",1994,1
15,"ornamentals",1995,0.906883
15,"ornamentals",1996,0.744939
15,"ornamentals",1997,0.59919
15,"ornamentals",1998,0.906883
15,"ornamentals",1999,0.955466
15,"ornamentals",2000,0.906883
15,"ornamentals",2001,0.534413
15,"ornamentals",2002,0.242915
15,"ornamentals",2003,0.145749
15,"ornamentals",2004,0.178138
15,"ornamentals",2005,0.226721
15,"ornamentals",2006,0.259109
15,"ornamentals",2007,0.242915
15,"ornamentals",2008,0.242915
15,"ornamentals",2009,0.210526
15,"ornamentals",2010,0.17274
15,"ornamentals",2011,0.194332
15,"seaweeds",1976,0.0712681
15,"seaweeds",1977,0.0813386
15,"seaweeds",1978,0.0883105
15,"seaweeds",1979,0.0941204
15,"seaweeds",1980,0.0917964
15,"seaweeds",1981,0.0956697
15,"seaweeds",1982,0.116198
15,"seaweeds",1983,0.125107
15,"seaweeds",1984,0.130142
15,"seaweeds",1985,0.141762
15,"seaweeds",1986,0.164614
15,"seaweeds",1987,0.249051
15,"seaweeds",1988,0.240143
15,"seaweeds",1989,0.212255
15,"seaweeds",1990,0.162677
15,"seaweeds",1991,0.0766907
15,"seaweeds",1992,0.211868
15,"seaweeds",1993,0.299791
15,"seaweeds",1994,0.439616
15,"seaweeds",1995,0.588737
15,"seaweeds",1996,0.603068
15,"seaweeds",1997,0.687118
15,"seaweeds",1998,0.738245
15,"seaweeds",1999,0.761484
15,"seaweeds",2000,0.881168
15,"seaweeds",2001,0.926485
15,"seaweeds",2002,0.978
15,"seaweeds",2003,1
15,"seaweeds",2004,1
15,"seaweeds",2005,1
15,"seaweeds",2006,1
15,"seaweeds",2007,1
15,"seaweeds",2008,1
15,"seaweeds",2009,1
15,"seaweeds",2010,1
15,"seaweeds",2011,1
15,"shells",1976,0.605748
15,"shells",1977,0.6307
15,"shells",1978,0.661676
15,"shells",1979,0.700396
15,"shells",1980,0.830322
15,"shells",1981,0.855274
15,"shells",1982,0.832043
15,"shells",1983,0.795904
15,"shells",1984,0.720186
15,"shells",1985,0.718465
15,"shells",1986,0.672001
15,"shells",1987,0.653932
15,"shells",1988,0.684908
15,"shells",1989,0.701256
15,"shells",1990,0.923249
15,"shells",1991,1
15,"shells",1992,1
15,"shells",1993,1
15,"shells",1994,1
15,"shells",1995,1
15,"shells",1996,0.930133
15,"shells",1997,0.684047
15,"shells",1998,0.568749
15,"shells",1999,0.510239
15,"shells",2000,0.667699
15,"shells",2001,0.82602
15,"shells",2002,0.833764
15,"shells",2003,1
15,"shells",2004,1
15,"shells",2005,1
15,"shells",2006,1
15,"shells",2007,1
15,"shells",2008,1
15,"shells",2009,1
15,"shells",2010,1
15,"shells",2011,1
15,"sponges",1976,0.136752
15,"sponges",1977,0.14359
15,"sponges",1978,0.225641
15,"sponges",1979,0.205128
15,"sponges",1980,0.184615
15,"sponges",1981,0.184615
15,"sponges",1982,0.123077
15,"sponges",1983,0.164103
15,"sponges",1984,0.246154
15,"sponges",1985,0.266667
15,"sponges",1986,0.348718
15,"sponges",1987,0.533333
15,"sponges",1988,0.533333
15,"sponges",1989,0.553846
15,"sponges",1990,0.65641
15,"sponges",1991,1
15,"sponges",1992,1
15,"sponges",1993,1
15,"sponges",1994,1
15,"sponges",1995,0.287179
15,"sponges",1996,0.184615
15,"sponges",1997,0.184615
15,"sponges",1998,0.205128
15,"sponges",1999,0.184615
15,"sponges",2000,0.307692
15,"sponges",2001,0.328205
15,"sponges",2002,0.348718
15,"sponges",2003,0.307692
15,"sponges",2004,0.512821
15,"sponges",2005,0.492308
15,"sponges",2006,0.676923
15,"sponges",2007,0.65641
15,"sponges",2008,0.369231
15,"sponges",2009,0.492308
15,"sponges",2010,0.328205
15,"sponges",2011,0.492308
16,"fish_oil",1976,0.82073
16,"fish_oil",1977,0.737814
16,"fish_oil",1978,0.623776
16,"fish_oil",1979,0.615378
16,"fish_oil",1980,0.543398
16,"fish_oil",1981,0.560229
16,"fish_oil",1982,0.556353
16,"fish_oil",1983,0.470535
16,"fish_oil",1984,0.414944
16,"fish_oil",1985,0.370369
16,"fish_oil",1986,0.475499
16,"fish_oil",1987,0.789053
16,"fish_oil",1988,0.900099
16,"fish_oil",1989,1
16,"fish_oil",1990,1
16,"fish_oil",1991,0.869737
16,"fish_oil",1992,0.801361
16,"fish_oil",1993,1
16,"fish_oil",1994,0.966095
16,"fish_oil",1995,0.955418
16,"fish_oil",1996,1
16,"fish_oil",1997,0.572265
16,"fish_oil",1998,0.478219
16,"fish_oil",1999,0.577365
16,"fish_oil",2000,0.604532
16,"fish_oil",2001,0.754372
16,"fish_oil",2002,1
16,"fish_oil",2003,0.963442
16,"fish_oil",2004,0.995267
16,"fish_oil",2005,1
16,"fish_oil",2006,1
16,"fish_oil",2007,1
16,"fish_oil",2008,1
16,"fish_oil",2009,1
16,"fish_oil",2010,1
16,"fish_oil",2011,1
16,"ornamentals",1988,0.194332
16,"ornamentals",1989,0.680162
16,"ornamentals",1990,0.744939
16,"ornamentals",1991,1
16,"ornamentals",1992,1
16,"ornamentals",1993,1
16,"ornamentals",1994,1
16,"ornamentals",1995,0.906883
16,"ornamentals",1996,0.744939
16,"ornamentals",1997,0.59919
16,"ornamentals",1998,0.906883
16,"ornamentals",1999,0.955466
16,"ornamentals",2000,0.906883
16,"ornamentals",2001,0.534413
16,"ornamentals",2002,0.242915
16,"ornamentals",2003,0.145749
16,"ornamentals",2004,0.178138
16,"ornamentals",2005,0.226721
16,"ornamentals",2006,0.259109
16,"ornamentals",2007,0.242915
16,"ornamentals",2008,0.242915
16,"ornamentals",2009,0.210526
16,"ornamentals",2010,0.17274
16,"ornamentals",2011,0.194332
16,"seaweeds",1976,0.0712681
16,"seaweeds",1977,0.0813386
16,"seaweeds",1978,0.0883105
16,"seaweeds",1979,0.0941204
16,"seaweeds",1980,0.0917964
16,"seaweeds",1981,0.0956697
16,"seaweeds",1982,0.116198
16,"seaweeds",1983,0.125107
16,"seaweeds",1984,0.130142
16,"seaweeds",1985,0.141762
16,"seaweeds",1986,0.164614
16,"seaweeds",1987,0.249051
16,"seaweeds",1988,0.240143
16,"seaweeds",1989,0.212255
16,"seaweeds",1990,0.162677
16,"seaweeds",1991,0.0766907
16,"seaweeds",1992,0.211868
16,"seaweeds",1993,0.299791
16,"seaweeds",1994,0.439616
16,"seaweeds",1995,0.588737
16,"seaweeds",1996,0.603068
16,"seaweeds",1997,0.687118
16,"seaweeds",1998,0.738245
16,"seaweeds",1999,0.761484
16,"seaweeds",2000,0.881168
16,"seaweeds",2001,0.926485
16,"seaweeds",2002,0.978
16,"seaweeds",2003,1
16,"seaweeds",2004,1
16,"seaweeds",2005,1
16,"seaweeds",2006,1
16,"seaweeds",2007,1
16,"seaweeds",2008,1
16,"seaweeds",2009,1
16,"seaweeds",2010,1
16,"seaweeds",2011,1
16,"shells",1976,0.605748
16,"shells",1977,0.6307
16,"shells",1978,0.661676
16,"shells",1979,0.700396
16,"shells",1980,0.830322
16,"shells",1981,0.855274
16,"shells",1982,0.832043
16,"shells",1983,0.795904
16,"shells",1984,0.720186
16,"shells",1985,0.718465
16,"shells",1986,0.672001
16,"shells",1987,0.653932
16,"shells",1988,0.684908
16,"shells",1989,0.701256
16,"shells",1990,0.923249
16,"shells",1991,1
16,"shells",1992,1
16,"shells",1993,1
16,"shells",1994,1
16,"shells",1995,1
16,"shells",1996,0.930133
16,"shells",1997,0.684047
16,"shells",1998,0.568749
16,"shells",1999,0.510239
16,"shells",2000,0.667699
16,"shells",2001,0.82602
16,"shells",2002,0.833764
16,"shells",2003,1
16,"shells",2004,1
16,"shells",2005,1
16,"shells",2006,1
16,"shells",2007,1
16,"shells",2008,1
16,"shells",2009,1
16,"shells",2010,1
16,"shells",2011,1
16,"sponges",1976,0.136752
16,"sponges",1977,0.14359
16,"sponges",1978,0.225641
16,"sponges",1979,0.205128
16,"sponges",1980,0.184615
16,"sponges",1981,0.184615
16,"sponges",1982,0.123077
16,"sponges",1983,0.164103
16,"sponges",1984,0.246154
16,"sponges",1985,0.266667
16,"sponges",1986,0.348718
16,"sponges",1987,0.533333
16,"sponges",1988,0.533333
16,"sponges",1989,0.553846
16,"sponges",1990,0.65641
16,"sponges",1991,1
16,"sponges",1992,1
16,"sponges",1993,1
16,"sponges",1994,1
16,"sponges",1995,0.287179
16,"sponges",1996,0.184615
16,"sponges",1997,0.184615
16,"sponges",1998,0.205128
16,"sponges",1999,0.184615
16,"sponges",2000,0.307692
16,"sponges",2001,0.328205
16,"sponges",2002,0.348718
16,"sponges",2003,0.307692
16,"sponges",2004,0.512821
16,"sponges",2005,0.492308
16,"sponges",2006,0.676923
16,"sponges",2007,0.65641
16,"sponges",2008,0.369231
16,"sponges",2009,0.492308
16,"sponges",2010,0.328205
16,"sponges",2011,0.492308
17,"fish_oil",1987,0.17392
17,"fish_oil",1988,0.13044
17,"fish_oil",1989,0
17,"fish_oil",1990,0
17,"fish_oil",1991,0.0073144
17,"fish_oil",1992,0.0073144
17,"fish_oil",1993,0.0219432
17,"fish_oil",1994,0.0219432
17,"fish_oil",1995,0.0146288
17,"fish_oil",1996,0.0256004
17,"fish_oil",1997,0.0109716
17,"fish_oil",1998,0.0109716
17,"fish_oil",1999,0.0134097
17,"fish_oil",2000,0.00243813
17,"fish_oil",2001,0.0036572
17,"fish_oil",2002,0.0243813
17,"fish_oil",2003,0.0438864
17,"fish_oil",2004,0.318176
17,"fish_oil",2005,0.664391
17,"fish_oil",2006,0.894795
17,"fish_oil",2007,1
17,"fish_oil",2008,1
17,"fish_oil",2009,1
17,"fish_oil",2010,1
17,"fish_oil",2011,1
17,"seaweeds",1995,0.0683761
17,"seaweeds",1996,0.0512821
17,"seaweeds",1997,0
17,"seaweeds",1998,0
17,"seaweeds",1999,0
17,"seaweeds",2000,0
17,"seaweeds",2001,0
17,"seaweeds",2002,0
17,"seaweeds",2003,0
17,"seaweeds",2004,0
17,"seaweeds",2005,0
17,"seaweeds",2006,0
17,"seaweeds",2007,0.25641
17,"seaweeds",2008,0.769231
17,"seaweeds",2009,1
17,"seaweeds",2010,1
17,"seaweeds",2011,1
17,"shells",1994,0.672858
17,"shells",1995,0.504643
17,"shells",1996,0.319783
17,"shells",1997,0.139303
17,"shells",1998,0
17,"shells",1999,0
17,"shells",2000,0
17,"shells",2001,0
17,"shells",2002,0
17,"shells",2003,0
17,"shells",2004,0
17,"shells",2005,0
17,"shells",2006,0
17,"shells",2007,0.423165
17,"shells",2008,0.853338
17,"shells",2009,1
17,"shells",2010,1
17,"shells",2011,1
18,"corals",2000,0.75351
18,"corals",2001,0.990242
18,"corals",2002,1
18,"corals",2003,1
18,"corals",2004,1
18,"corals",2005,1
18,"corals",2006,1
18,"corals",2007,0.999837
18,"corals",2008,0.658318
18,"corals",2009,0.487234
18,"corals",2010,0.501545
18,"corals",2011,0.220198
18,"fish_oil",1976,0.00654165
18,"fish_oil",1977,0.00847244
18,"fish_oil",1978,0.00890471
18,"fish_oil",1979,0.0104393
18,"fish_oil",1980,0.00896955
18,"fish_oil",1981,0.00800775
18,"fish_oil",1982,0.00649482
18,"fish_oil",1983,0.00520882
18,"fish_oil",1984,0.00520882
18,"fish_oil",1985,0.00346895
18,"fish_oil",1986,0.334597
18,"fish_oil",1987,0.735644
18,"fish_oil",1988,1
18,"fish_oil",1989,1
18,"fish_oil",1990,1
18,"fish_oil",1991,0.894578
18,"fish_oil",1992,0.413291
18,"fish_oil",1993,0.11494
18,"fish_oil",1994,0.0981139
18,"fish_oil",1995,0.066526
18,"fish_oil",1996,0.0661585
18,"fish_oil",1997,0.0677579
18,"fish_oil",1998,0.0584534
18,"fish_oil",1999,0.046793
18,"fish_oil",2000,0.0377153
18,"fish_oil",2001,0.0261306
18,"fish_oil",2002,0.0138974
18,"fish_oil",2003,0.0109364
18,"fish_oil",2004,0.0108607
18,"fish_oil",2005,0.00898036
18,"fish_oil",2006,0.00761871
18,"fish_oil",2007,0.00718645
18,"fish_oil",2008,0.00588964
18,"fish_oil",2009,0.00661369
18,"fish_oil",2010,0.0066281
18,"fish_oil",2011,0.00590045
18,"seaweeds",1998,0.538862
18,"seaweeds",1999,0.685096
18,"seaweeds",2000,1
18,"seaweeds",2001,1
18,"seaweeds",2002,1
18,"seaweeds",2003,1
18,"seaweeds",2004,1
18,"seaweeds",2005,0.620493
18,"seaweeds",2006,0.405649
18,"seaweeds",2007,0.320012
18,"seaweeds",2008,0.369591
18,"seaweeds",2009,0.42518
18,"seaweeds",2010,0.464744
18,"seaweeds",2011,0.576923
18,"sponges",2000,0.205128
18,"sponges",2001,0.653846
18,"sponges",2002,0.653846
18,"sponges",2003,1
18,"sponges",2004,1
18,"sponges",2005,0.961538
18,"sponges",2006,0.923077
18,"sponges",2007,0
18,"sponges",2008,0
18,"sponges",2009,0
18,"sponges",2010,0
18,"sponges",2011,0
19,"corals",2000,0.75351
19,"corals",2001,0.990242
19,"corals",2002,1
19,"corals",2003,1
19,"corals",2004,1
19,"corals",2005,1
19,"corals",2006,1
19,"corals",2007,0.999837
19,"corals",2008,0.658318
19,"corals",2009,0.487234
19,"corals",2010,0.501545
19,"corals",2011,0.220198
19,"fish_oil",1976,0.00654165
19,"fish_oil",1977,0.00847244
19,"fish_oil",1978,0.00890471
19,"fish_oil",1979,0.0104393
19,"fish_oil",1980,0.00896955
19,"fish_oil",1981,0.00800775
19,"fish_oil",1982,0.00649482
19,"fish_oil",1983,0.00520882
19,"fish_oil",1984,0.00520882
19,"fish_oil",1985,0.00346895
19,"fish_oil",1986,0.334597
19,"fish_oil",1987,0.735644
19,"fish_oil",1988,1
19,"fish_oil",1989,1
19,"fish_oil",1990,1
19,"fish_oil",1991,0.894578
19,"fish_oil",1992,0.413291
19,"fish_oil",1993,0.11494
19,"fish_oil",1994,0.0981139
19,"fish_oil",1995,0.066526
19,"fish_oil",1996,0.0661585
19,"fish_oil",1997,0.0677579
19,"fish_oil",1998,0.0584534
19,"fish_oil",1999,0.046793
19,"fish_oil",2000,0.0377153
19,"fish_oil",2001,0.0261306
19,"fish_oil",2002,0.0138974
19,"fish_oil",2003,0.0109364
19,"fish_oil",2004,0.0108607
19,"fish_oil",2005,0.00898036
19,"fish_oil",2006,0.00761871
19,"fish_oil",2007,0.00718645
19,"fish_oil",2008,0.00588964
19,"fish_oil",2009,0.00661369
19,"fish_oil",2010,0.0066281
19,"fish_oil",2011,0.00590045
19,"seaweeds",1998,0.538862
19,"seaweeds",1999,0.685096
19,"seaweeds",2000,1
19,"seaweeds",2001,1
19,"seaweeds",2002,1
19,"seaweeds",2003,1
19,"seaweeds",2004,1
19,"seaweeds",2005,0.620493
19,"seaweeds",2006,0.405649
19,"seaweeds",2007,0.320012
19,"seaweeds",2008,0.369591
19,"seaweeds",2009,0.42518
19,"seaweeds",2010,0.464744
19,"seaweeds",2011,0.576923
19,"sponges",2000,0.205128
19,"sponges",2001,0.653846
19,"sponges",2002,0.653846
19,"sponges",2003,1
19,"sponges",2004,1
19,"sponges",2005,0.961538
19,"sponges",2006,0.923077
19,"sponges",2007,0
19,"sponges",2008,0
19,"sponges",2009,0
19,"sponges",2010,0
19,"sponges",2011,0
20,"fish_oil",1994,0.0771739
20,"fish_oil",1995,0.0607744
20,"fish_oil",1996,0.0202581
20,"fish_oil",1997,0.0202581
20,"fish_oil",1998,0.0364647
20,"fish_oil",1999,0.124443
20,"fish_oil",2000,0.452625
20,"fish_oil",2001,0.970655
20,"fish_oil",2002,1
20,"fish_oil",2003,1
20,"fish_oil",2004,1
20,"fish_oil",2005,0.977021
20,"fish_oil",2006,0.656364
20,"fish_oil",2007,0.51803
20,"fish_oil",2008,0.441049
20,"fish_oil",2009,0.325867
20,"fish_oil",2010,0.290946
20,"fish_oil",2011,0.191005
20,"seaweeds",1996,0.00528681
20,"seaweeds",1997,0.0118953
20,"seaweeds",1998,0.00793021
20,"seaweeds",1999,0.0436162
20,"seaweeds",2000,0.174465
20,"seaweeds",2001,0.352895
20,"seaweeds",2002,0.360825
20,"seaweeds",2003,0.35686
20,"seaweeds",2004,0.471848
20,"seaweeds",2005,0.313243
20,"seaweeds",2006,0.404441
20,"seaweeds",2007,0.515464
20,"seaweeds",2008,0.626487
20,"seaweeds",2009,1
20,"seaweeds",2010,1
20,"seaweeds",2011,1
20,"shells",1996,0.484247
20,"shells",1997,0.462441
20,"shells",1998,0.618092
20,"shells",1999,0.760208
20,"shells",2000,0.940672
20,"shells",2001,1
20,"shells",2002,1
20,"shells",2003,1
20,"shells",2004,1
20,"shells",2005,1
20,"shells",2006,0.999323
20,"shells",2007,0.775998
20,"shells",2008,0.859463
20,"shells",2009,0.7963
20,"shells",2010,0.851192
20,"shells",2011,0.861719
20,"sponges",1977,0
20,"sponges",1978,0
20,"sponges",1979,0
20,"sponges",1980,0
20,"sponges",1981,0
20,"sponges",1982,0
20,"sponges",1983,0
20,"sponges",1984,0
20,"sponges",1985,0
20,"sponges",1986,0
20,"sponges",1987,0
20,"sponges",1988,0
20,"sponges",1989,0
20,"sponges",1990,0
20,"sponges",1991,0
20,"sponges",1992,0
20,"sponges",1993,0
20,"sponges",1994,0
20,"sponges",1995,0
20,"sponges",1996,0
20,"sponges",1997,0
20,"sponges",1998,0
20,"sponges",1999,0
20,"sponges",2000,0
20,"sponges",2001,0
20,"sponges",2002,0
20,"sponges",2003,0
20,"sponges",2004,0
20,"sponges",2005,0.155925
20,"sponges",2006,0.296258
20,"sponges",2007,0.810811
20,"sponges",2008,1
20,"sponges",2009,1
20,"sponges",2010,1
20,"sponges",2011,1
21,"fish_oil",1993,0.776586
21,"fish_oil",1994,0.693706
21,"fish_oil",1995,0.571251
21,"fish_oil",1996,0.472416
21,"fish_oil",1997,0.447552
21,"fish_oil",1998,0.581818
21,"fish_oil",1999,0.877078
21,"fish_oil",2000,1
21,"fish_oil",2001,1
21,"fish_oil",2002,1
21,"fish_oil",2003,1
21,"fish_oil",2004,1
21,"fish_oil",2005,0.978399
21,"fish_oil",2006,0.929293
21,"fish_oil",2007,0.873349
21,"fish_oil",2008,0.841026
21,"fish_oil",2009,1
21,"fish_oil",2010,1
21,"fish_oil",2011,1
21,"seaweeds",1994,0.0597461
21,"seaweeds",1995,0.0522778
21,"seaweeds",1996,0.0373413
21,"seaweeds",1997,0.0373413
21,"seaweeds",1998,0.0746826
21,"seaweeds",1999,0.209111
21,"seaweeds",2000,0.821509
21,"seaweeds",2001,0.821509
21,"seaweeds",2002,0.843913
21,"seaweeds",2003,0.716953
21,"seaweeds",2004,0.104556
21,"seaweeds",2005,0.0970874
21,"seaweeds",2006,0.0821509
21,"seaweeds",2007,0.119492
21,"seaweeds",2008,0.433159
21,"seaweeds",2009,0.873786
21,"seaweeds",2010,1
21,"seaweeds",2011,1
22,"fish_oil",1993,0.776586
22,"fish_oil",1994,0.693706
22,"fish_oil",1995,0.571251
22,"fish_oil",1996,0.472416
22,"fish_oil",1997,0.447552
22,"fish_oil",1998,0.581818
22,"fish_oil",1999,0.877078
22,"fish_oil",2000,1
22,"fish_oil",2001,1
22,"fish_oil",2002,1
22,"fish_oil",2003,1
22,"fish_oil",2004,1
22,"fish_oil",2005,0.978399
22,"fish_oil",2006,0.929293
22,"fish_oil",2007,0.873349
22,"fish_oil",2008,0.841026
22,"fish_oil",2009,1
22,"fish_oil",2010,1
22,"fish_oil",2011,1
22,"seaweeds",1994,0.0597461
22,"seaweeds",1995,0.0522778
22,"seaweeds",1996,0.0373413
22,"seaweeds",1997,0.0373413
22,"seaweeds",1998,0.0746826
22,"seaweeds",1999,0.209111
22,"seaweeds",2000,0.821509
22,"seaweeds",2001,0.821509
22,"seaweeds",2002,0.843913
22,"seaweeds",2003,0.716953
22,"seaweeds",2004,0.104556
22,"seaweeds",2005,0.0970874
22,"seaweeds",2006,0.0821509
22,"seaweeds",2007,0.119492
22,"seaweeds",2008,0.433159
22,"seaweeds",2009,0.873786
22,"seaweeds",2010,1
22,"seaweeds",2011,1
23,"fish_oil",1992,1
23,"fish_oil",1993,1
23,"fish_oil",1994,1
23,"fish_oil",1995,1
23,"fish_oil",1996,0.866911
23,"fish_oil",1997,0.47619
23,"fish_oil",1998,0.830281
23,"fish_oil",1999,1
23,"fish_oil",2000,1
23,"fish_oil",2001,1
23,"fish_oil",2002,0.830281
23,"fish_oil",2003,0.41514
23,"fish_oil",2004,0.19536
23,"fish_oil",2005,0.03663
23,"fish_oil",2006,0.13431
23,"fish_oil",2007,0.17094
23,"fish_oil",2008,0.19536
23,"fish_oil",2009,0.17094
23,"fish_oil",2010,0.0976801
23,"fish_oil",2011,0.0732601
23,"seaweeds",1998,1
23,"seaweeds",1999,1
23,"seaweeds",2000,1
23,"seaweeds",2001,1
23,"seaweeds",2002,1
23,"seaweeds",2003,1
23,"seaweeds",2004,1
23,"seaweeds",2005,1
23,"seaweeds",2006,1
23,"seaweeds",2007,1
23,"seaweeds",2008,1
23,"seaweeds",2009,0.699007
23,"seaweeds",2010,0.419727
23,"seaweeds",2011,0.565017
24,"fish_oil",1992,1
24,"fish_oil",1993,1
24,"fish_oil",1994,1
24,"fish_oil",1995,1
24,"fish_oil",1996,0.866911
24,"fish_oil",1997,0.47619
24,"fish_oil",1998,0.830281
24,"fish_oil",1999,1
24,"fish_oil",2000,1
24,"fish_oil",2001,1
24,"fish_oil",2002,0.830281
24,"fish_oil",2003,0.41514
24,"fish_oil",2004,0.19536
24,"fish_oil",2005,0.03663
24,"fish_oil",2006,0.13431
24,"fish_oil",2007,0.17094
24,"fish_oil",2008,0.19536
24,"fish_oil",2009,0.17094
24,"fish_oil",2010,0.0976801
24,"fish_oil",2011,0.0732601
24,"seaweeds",1998,1
24,"seaweeds",1999,1
24,"seaweeds",2000,1
24,"seaweeds",2001,1
24,"seaweeds",2002,1
24,"seaweeds",2003,1
24,"seaweeds",2004,1
24,"seaweeds",2005,1
24,"seaweeds",2006,1
24,"seaweeds",2007,1
24,"seaweeds",2008,1
24,"seaweeds",2009,0.699007
24,"seaweeds",2010,0.419727
24,"seaweeds",2011,0.565017
25,"fish_oil",1992,1
25,"fish_oil",1993,1
25,"fish_oil",1994,1
25,"fish_oil",1995,1
25,"fish_oil",1996,0.866911
25,"fish_oil",1997,0.47619
25,"fish_oil",1998,0.830281
25,"fish_oil",1999,1
25,"fish_oil",2000,1
25,"fish_oil",2001,1
25,"fish_oil",2002,0.830281
25,"fish_oil",2003,0.41514
25,"fish_oil",2004,0.19536
25,"fish_oil",2005,0.03663
25,"fish_oil",2006,0.13431
25,"fish_oil",2007,0.17094
25,"fish_oil",2008,0.19536
25,"fish_oil",2009,0.17094
25,"fish_oil",2010,0.0976801
25,"fish_oil",2011,0.0732601
25,"seaweeds",1998,1
25,"seaweeds",1999,1
25,"seaweeds",2000,1
25,"seaweeds",2001,1
25,"seaweeds",2002,1
25,"seaweeds",2003,1
25,"seaweeds",2004,1
25,"seaweeds",2005,1
25,"seaweeds",2006,1
25,"seaweeds",2007,1
25,"seaweeds",2008,1
25,"seaweeds",2009,0.699007
25,"seaweeds",2010,0.419727
25,"seaweeds",2011,0.565017
