"rgn_id","product","year","usd"
1,"fish_oil",1976,1223
1,"fish_oil",1977,1278.75
1,"fish_oil",1978,1353.75
1,"fish_oil",1979,1428.5
1,"fish_oil",1980,1563.25
1,"fish_oil",1981,1509.75
1,"fish_oil",1982,1368.25
1,"fish_oil",1983,1174.5
1,"fish_oil",1984,932.75
1,"fish_oil",1985,791.5
1,"fish_oil",1986,890.5
1,"fish_oil",1987,1003.5
1,"fish_oil",1988,1239.75
1,"fish_oil",1989,1661.75
1,"fish_oil",1990,1865
1,"fish_oil",1991,2363.5
1,"fish_oil",1992,3053.25
1,"fish_oil",1993,3692
1,"fish_oil",1994,4501.25
1,"fish_oil",1995,5737
1,"fish_oil",1996,7280
1,"fish_oil",1997,9001
1,"fish_oil",1998,9815
1,"fish_oil",1999,9674.75
1,"fish_oil",2000,9112.5
1,"fish_oil",2001,8616
1,"fish_oil",2002,10237.5
1,"fish_oil",2003,11756.8
1,"fish_oil",2004,12822.8
1,"fish_oil",2005,14846.5
1,"fish_oil",2006,16549.8
1,"fish_oil",2007,18585
1,"fish_oil",2008,19054.8
1,"fish_oil",2009,18661.5
1,"fish_oil",2010,17451.3
1,"fish_oil",2011,15303
1,"ornamentals",1976,78.3333
1,"ornamentals",1977,83.5
1,"ornamentals",1978,109.5
1,"ornamentals",1979,151.5
1,"ornamentals",1980,181.25
1,"ornamentals",1981,243.75
1,"ornamentals",1982,332.5
1,"ornamentals",1983,399
1,"ornamentals",1984,524.75
1,"ornamentals",1985,592.75
1,"ornamentals",1986,595.75
1,"ornamentals",1987,632
1,"ornamentals",1988,627.25
1,"ornamentals",1989,621
1,"ornamentals",1990,638.25
1,"ornamentals",1991,582.5
1,"ornamentals",1992,590.25
1,"ornamentals",1993,441.5
1,"ornamentals",1994,285.25
1,"ornamentals",1995,177.25
1,"ornamentals",1996,1.75
1,"ornamentals",1997,1.75
1,"ornamentals",1998,6
1,"ornamentals",1999,6.75
1,"ornamentals",2000,161.5
1,"ornamentals",2001,197
1,"ornamentals",2002,192.5
1,"ornamentals",2003,191.5
1,"ornamentals",2004,38.25
1,"ornamentals",2005,30
1,"ornamentals",2006,34.5
1,"ornamentals",2007,37.25
1,"ornamentals",2008,52.25
1,"ornamentals",2009,32.5
1,"ornamentals",2010,37.3333
1,"ornamentals",2011,50.5
1,"seaweeds",1994,240.667
1,"seaweeds",1995,229.75
1,"seaweeds",1996,241.5
1,"seaweeds",1997,416.25
1,"seaweeds",1998,545
1,"seaweeds",1999,822.75
1,"seaweeds",2000,758
1,"seaweeds",2001,624.5
1,"seaweeds",2002,465.5
1,"seaweeds",2003,184.75
1,"seaweeds",2004,157.75
1,"seaweeds",2005,166.75
1,"seaweeds",2006,193
1,"seaweeds",2007,234.5
1,"seaweeds",2008,365.75
1,"seaweeds",2009,462.25
1,"seaweeds",2010,539.667
1,"seaweeds",2011,634
1,"shells",1995,3.66667
1,"shells",1996,3
1,"shells",1997,7.75
1,"shells",1998,11.25
1,"shells",1999,22.25
1,"shells",2000,48.5
1,"shells",2001,72
1,"shells",2002,74.5
1,"shells",2003,86.75
1,"shells",2004,72.75
1,"shells",2005,72.75
1,"shells",2006,120.5
1,"shells",2007,124.75
1,"shells",2008,124.5
1,"shells",2009,98.5
1,"shells",2010,59.6667
1,"shells",2011,29.5
1,"sponges",1994,22
1,"sponges",1995,23.75
1,"sponges",1996,17
1,"sponges",1997,23
1,"sponges",1998,18.75
1,"sponges",1999,16.25
1,"sponges",2000,15
1,"sponges",2001,10.25
1,"sponges",2002,9.75
1,"sponges",2003,8.5
1,"sponges",2004,12
1,"sponges",2005,11.25
1,"sponges",2006,15.75
1,"sponges",2007,36.75
1,"sponges",2008,66.25
1,"sponges",2009,86.75
1,"sponges",2010,107.333
1,"sponges",2011,112
2,"fish_oil",1976,1223
2,"fish_oil",1977,1278.75
2,"fish_oil",1978,1353.75
2,"fish_oil",1979,1428.5
2,"fish_oil",1980,1563.25
2,"fish_oil",1981,1509.75
2,"fish_oil",1982,1368.25
2,"fish_oil",1983,1174.5
2,"fish_oil",1984,932.75
2,"fish_oil",1985,791.5
2,"fish_oil",1986,890.5
2,"fish_oil",1987,1003.5
2,"fish_oil",1988,1239.75
2,"fish_oil",1989,1661.75
2,"fish_oil",1990,1865
2,"fish_oil",1991,2363.5
2,"fish_oil",1992,3053.25
2,"fish_oil",1993,3692
2,"fish_oil",1994,4501.25
2,"fish_oil",1995,5737
2,"fish_oil",1996,7280
2,"fish_oil",1997,9001
2,"fish_oil",1998,9815
2,"fish_oil",1999,9674.75
2,"fish_oil",2000,9112.5
2,"fish_oil",2001,8616
2,"fish_oil",2002,10237.5
2,"fish_oil",2003,11756.8
2,"fish_oil",2004,12822.8
2,"fish_oil",2005,14846.5
2,"fish_oil",2006,16549.8
2,"fish_oil",2007,18585
2,"fish_oil",2008,19054.8
2,"fish_oil",2009,18661.5
2,"fish_oil",2010,17451.3
2,"fish_oil",2011,15303
2,"ornamentals",1976,78.3333
2,"ornamentals",1977,83.5
2,"ornamentals",1978,109.5
2,"ornamentals",1979,151.5
2,"ornamentals",1980,181.25
2,"ornamentals",1981,243.75
2,"ornamentals",1982,332.5
2,"ornamentals",1983,399
2,"ornamentals",1984,524.75
2,"ornamentals",1985,592.75
2,"ornamentals",1986,595.75
2,"ornamentals",1987,632
2,"ornamentals",1988,627.25
2,"ornamentals",1989,621
2,"ornamentals",1990,638.25
2,"ornamentals",1991,582.5
2,"ornamentals",1992,590.25
2,"ornamentals",1993,441.5
2,"ornamentals",1994,285.25
2,"ornamentals",1995,177.25
2,"ornamentals",1996,1.75
2,"ornamentals",1997,1.75
2,"ornamentals",1998,6
2,"ornamentals",1999,6.75
2,"ornamentals",2000,161.5
2,"ornamentals",2001,197
2,"ornamentals",2002,192.5
2,"ornamentals",2003,191.5
2,"ornamentals",2004,38.25
2,"ornamentals",2005,30
2,"ornamentals",2006,34.5
2,"ornamentals",2007,37.25
2,"ornamentals",2008,52.25
2,"ornamentals",2009,32.5
2,"ornamentals",2010,37.3333
2,"ornamentals",2011,50.5
2,"seaweeds",1994,240.667
2,"seaweeds",1995,229.75
2,"seaweeds",1996,241.5
2,"seaweeds",1997,416.25
2,"seaweeds",1998,545
2,"seaweeds",1999,822.75
2,"seaweeds",2000,758
2,"seaweeds",2001,624.5
2,"seaweeds",2002,465.5
2,"seaweeds",2003,184.75
2,"seaweeds",2004,157.75
2,"seaweeds",2005,166.75
2,"seaweeds",2006,193
2,"seaweeds",2007,234.5
2,"seaweeds",2008,365.75
2,"seaweeds",2009,462.25
2,"seaweeds",2010,539.667
2,"seaweeds",2011,634
2,"shells",1995,3.66667
2,"shells",1996,3
2,"shells",1997,7.75
2,"shells",1998,11.25
2,"shells",1999,22.25
2,"shells",2000,48.5
2,"shells",2001,72
2,"shells",2002,74.5
2,"shells",2003,86.75
2,"shells",2004,72.75
2,"shells",2005,72.75
2,"shells",2006,120.5
2,"shells",2007,124.75
2,"shells",2008,124.5
2,"shells",2009,98.5
2,"shells",2010,59.6667
2,"shells",2011,29.5
2,"sponges",1994,22
2,"sponges",1995,23.75
2,"sponges",1996,17
2,"sponges",1997,23
2,"sponges",1998,18.75
2,"sponges",1999,16.25
2,"sponges",2000,15
2,"sponges",2001,10.25
2,"sponges",2002,9.75
2,"sponges",2003,8.5
2,"sponges",2004,12
2,"sponges",2005,11.25
2,"sponges",2006,15.75
2,"sponges",2007,36.75
2,"sponges",2008,66.25
2,"sponges",2009,86.75
2,"sponges",2010,107.333
2,"sponges",2011,112
3,"fish_oil",1976,1223
3,"fish_oil",1977,1278.75
3,"fish_oil",1978,1353.75
3,"fish_oil",1979,1428.5
3,"fish_oil",1980,1563.25
3,"fish_oil",1981,1509.75
3,"fish_oil",1982,1368.25
3,"fish_oil",1983,1174.5
3,"fish_oil",1984,932.75
3,"fish_oil",1985,791.5
3,"fish_oil",1986,890.5
3,"fish_oil",1987,1003.5
3,"fish_oil",1988,1239.75
3,"fish_oil",1989,1661.75
3,"fish_oil",1990,1865
3,"fish_oil",1991,2363.5
3,"fish_oil",1992,3053.25
3,"fish_oil",1993,3692
3,"fish_oil",1994,4501.25
3,"fish_oil",1995,5737
3,"fish_oil",1996,7280
3,"fish_oil",1997,9001
3,"fish_oil",1998,9815
3,"fish_oil",1999,9674.75
3,"fish_oil",2000,9112.5
3,"fish_oil",2001,8616
3,"fish_oil",2002,10237.5
3,"fish_oil",2003,11756.8
3,"fish_oil",2004,12822.8
3,"fish_oil",2005,14846.5
3,"fish_oil",2006,16549.8
3,"fish_oil",2007,18585
3,"fish_oil",2008,19054.8
3,"fish_oil",2009,18661.5
3,"fish_oil",2010,17451.3
3,"fish_oil",2011,15303
3,"ornamentals",1976,78.3333
3,"ornamentals",1977,83.5
3,"ornamentals",1978,109.5
3,"ornamentals",1979,151.5
3,"ornamentals",1980,181.25
3,"ornamentals",1981,243.75
3,"ornamentals",1982,332.5
3,"ornamentals",1983,399
3,"ornamentals",1984,524.75
3,"ornamentals",1985,592.75
3,"ornamentals",1986,595.75
3,"ornamentals",1987,632
3,"ornamentals",1988,627.25
3,"ornamentals",1989,621
3,"ornamentals",1990,638.25
3,"ornamentals",1991,582.5
3,"ornamentals",1992,590.25
3,"ornamentals",1993,441.5
3,"ornamentals",1994,285.25
3,"ornamentals",1995,177.25
3,"ornamentals",1996,1.75
3,"ornamentals",1997,1.75
3,"ornamentals",1998,6
3,"ornamentals",1999,6.75
3,"ornamentals",2000,161.5
3,"ornamentals",2001,197
3,"ornamentals",2002,192.5
3,"ornamentals",2003,191.5
3,"ornamentals",2004,38.25
3,"ornamentals",2005,30
3,"ornamentals",2006,34.5
3,"ornamentals",2007,37.25
3,"ornamentals",2008,52.25
3,"ornamentals",2009,32.5
3,"ornamentals",2010,37.3333
3,"ornamentals",2011,50.5
3,"seaweeds",1994,240.667
3,"seaweeds",1995,229.75
3,"seaweeds",1996,241.5
3,"seaweeds",1997,416.25
3,"seaweeds",1998,545
3,"seaweeds",1999,822.75
3,"seaweeds",2000,758
3,"seaweeds",2001,624.5
3,"seaweeds",2002,465.5
3,"seaweeds",2003,184.75
3,"seaweeds",2004,157.75
3,"seaweeds",2005,166.75
3,"seaweeds",2006,193
3,"seaweeds",2007,234.5
3,"seaweeds",2008,365.75
3,"seaweeds",2009,462.25
3,"seaweeds",2010,539.667
3,"seaweeds",2011,634
3,"shells",1995,3.66667
3,"shells",1996,3
3,"shells",1997,7.75
3,"shells",1998,11.25
3,"shells",1999,22.25
3,"shells",2000,48.5
3,"shells",2001,72
3,"shells",2002,74.5
3,"shells",2003,86.75
3,"shells",2004,72.75
3,"shells",2005,72.75
3,"shells",2006,120.5
3,"shells",2007,124.75
3,"shells",2008,124.5
3,"shells",2009,98.5
3,"shells",2010,59.6667
3,"shells",2011,29.5
3,"sponges",1994,22
3,"sponges",1995,23.75
3,"sponges",1996,17
3,"sponges",1997,23
3,"sponges",1998,18.75
3,"sponges",1999,16.25
3,"sponges",2000,15
3,"sponges",2001,10.25
3,"sponges",2002,9.75
3,"sponges",2003,8.5
3,"sponges",2004,12
3,"sponges",2005,11.25
3,"sponges",2006,15.75
3,"sponges",2007,36.75
3,"sponges",2008,66.25
3,"sponges",2009,86.75
3,"sponges",2010,107.333
3,"sponges",2011,112
4,"fish_oil",1976,1223
4,"fish_oil",1977,1278.75
4,"fish_oil",1978,1353.75
4,"fish_oil",1979,1428.5
4,"fish_oil",1980,1563.25
4,"fish_oil",1981,1509.75
4,"fish_oil",1982,1368.25
4,"fish_oil",1983,1174.5
4,"fish_oil",1984,932.75
4,"fish_oil",1985,791.5
4,"fish_oil",1986,890.5
4,"fish_oil",1987,1003.5
4,"fish_oil",1988,1239.75
4,"fish_oil",1989,1661.75
4,"fish_oil",1990,1865
4,"fish_oil",1991,2363.5
4,"fish_oil",1992,3053.25
4,"fish_oil",1993,3692
4,"fish_oil",1994,4501.25
4,"fish_oil",1995,5737
4,"fish_oil",1996,7280
4,"fish_oil",1997,9001
4,"fish_oil",1998,9815
4,"fish_oil",1999,9674.75
4,"fish_oil",2000,9112.5
4,"fish_oil",2001,8616
4,"fish_oil",2002,10237.5
4,"fish_oil",2003,11756.8
4,"fish_oil",2004,12822.8
4,"fish_oil",2005,14846.5
4,"fish_oil",2006,16549.8
4,"fish_oil",2007,18585
4,"fish_oil",2008,19054.8
4,"fish_oil",2009,18661.5
4,"fish_oil",2010,17451.3
4,"fish_oil",2011,15303
4,"ornamentals",1976,78.3333
4,"ornamentals",1977,83.5
4,"ornamentals",1978,109.5
4,"ornamentals",1979,151.5
4,"ornamentals",1980,181.25
4,"ornamentals",1981,243.75
4,"ornamentals",1982,332.5
4,"ornamentals",1983,399
4,"ornamentals",1984,524.75
4,"ornamentals",1985,592.75
4,"ornamentals",1986,595.75
4,"ornamentals",1987,632
4,"ornamentals",1988,627.25
4,"ornamentals",1989,621
4,"ornamentals",1990,638.25
4,"ornamentals",1991,582.5
4,"ornamentals",1992,590.25
4,"ornamentals",1993,441.5
4,"ornamentals",1994,285.25
4,"ornamentals",1995,177.25
4,"ornamentals",1996,1.75
4,"ornamentals",1997,1.75
4,"ornamentals",1998,6
4,"ornamentals",1999,6.75
4,"ornamentals",2000,161.5
4,"ornamentals",2001,197
4,"ornamentals",2002,192.5
4,"ornamentals",2003,191.5
4,"ornamentals",2004,38.25
4,"ornamentals",2005,30
4,"ornamentals",2006,34.5
4,"ornamentals",2007,37.25
4,"ornamentals",2008,52.25
4,"ornamentals",2009,32.5
4,"ornamentals",2010,37.3333
4,"ornamentals",2011,50.5
4,"seaweeds",1994,240.667
4,"seaweeds",1995,229.75
4,"seaweeds",1996,241.5
4,"seaweeds",1997,416.25
4,"seaweeds",1998,545
4,"seaweeds",1999,822.75
4,"seaweeds",2000,758
4,"seaweeds",2001,624.5
4,"seaweeds",2002,465.5
4,"seaweeds",2003,184.75
4,"seaweeds",2004,157.75
4,"seaweeds",2005,166.75
4,"seaweeds",2006,193
4,"seaweeds",2007,234.5
4,"seaweeds",2008,365.75
4,"seaweeds",2009,462.25
4,"seaweeds",2010,539.667
4,"seaweeds",2011,634
4,"shells",1995,3.66667
4,"shells",1996,3
4,"shells",1997,7.75
4,"shells",1998,11.25
4,"shells",1999,22.25
4,"shells",2000,48.5
4,"shells",2001,72
4,"shells",2002,74.5
4,"shells",2003,86.75
4,"shells",2004,72.75
4,"shells",2005,72.75
4,"shells",2006,120.5
4,"shells",2007,124.75
4,"shells",2008,124.5
4,"shells",2009,98.5
4,"shells",2010,59.6667
4,"shells",2011,29.5
4,"sponges",1994,22
4,"sponges",1995,23.75
4,"sponges",1996,17
4,"sponges",1997,23
4,"sponges",1998,18.75
4,"sponges",1999,16.25
4,"sponges",2000,15
4,"sponges",2001,10.25
4,"sponges",2002,9.75
4,"sponges",2003,8.5
4,"sponges",2004,12
4,"sponges",2005,11.25
4,"sponges",2006,15.75
4,"sponges",2007,36.75
4,"sponges",2008,66.25
4,"sponges",2009,86.75
4,"sponges",2010,107.333
4,"sponges",2011,112
5,"fish_oil",1976,1223
5,"fish_oil",1977,1278.75
5,"fish_oil",1978,1353.75
5,"fish_oil",1979,1428.5
5,"fish_oil",1980,1563.25
5,"fish_oil",1981,1509.75
5,"fish_oil",1982,1368.25
5,"fish_oil",1983,1174.5
5,"fish_oil",1984,932.75
5,"fish_oil",1985,791.5
5,"fish_oil",1986,890.5
5,"fish_oil",1987,1003.5
5,"fish_oil",1988,1239.75
5,"fish_oil",1989,1661.75
5,"fish_oil",1990,1865
5,"fish_oil",1991,2363.5
5,"fish_oil",1992,3053.25
5,"fish_oil",1993,3692
5,"fish_oil",1994,4501.25
5,"fish_oil",1995,5737
5,"fish_oil",1996,7280
5,"fish_oil",1997,9001
5,"fish_oil",1998,9815
5,"fish_oil",1999,9674.75
5,"fish_oil",2000,9112.5
5,"fish_oil",2001,8616
5,"fish_oil",2002,10237.5
5,"fish_oil",2003,11756.8
5,"fish_oil",2004,12822.8
5,"fish_oil",2005,14846.5
5,"fish_oil",2006,16549.8
5,"fish_oil",2007,18585
5,"fish_oil",2008,19054.8
5,"fish_oil",2009,18661.5
5,"fish_oil",2010,17451.3
5,"fish_oil",2011,15303
5,"ornamentals",1976,78.3333
5,"ornamentals",1977,83.5
5,"ornamentals",1978,109.5
5,"ornamentals",1979,151.5
5,"ornamentals",1980,181.25
5,"ornamentals",1981,243.75
5,"ornamentals",1982,332.5
5,"ornamentals",1983,399
5,"ornamentals",1984,524.75
5,"ornamentals",1985,592.75
5,"ornamentals",1986,595.75
5,"ornamentals",1987,632
5,"ornamentals",1988,627.25
5,"ornamentals",1989,621
5,"ornamentals",1990,638.25
5,"ornamentals",1991,582.5
5,"ornamentals",1992,590.25
5,"ornamentals",1993,441.5
5,"ornamentals",1994,285.25
5,"ornamentals",1995,177.25
5,"ornamentals",1996,1.75
5,"ornamentals",1997,1.75
5,"ornamentals",1998,6
5,"ornamentals",1999,6.75
5,"ornamentals",2000,161.5
5,"ornamentals",2001,197
5,"ornamentals",2002,192.5
5,"ornamentals",2003,191.5
5,"ornamentals",2004,38.25
5,"ornamentals",2005,30
5,"ornamentals",2006,34.5
5,"ornamentals",2007,37.25
5,"ornamentals",2008,52.25
5,"ornamentals",2009,32.5
5,"ornamentals",2010,37.3333
5,"ornamentals",2011,50.5
5,"seaweeds",1994,240.667
5,"seaweeds",1995,229.75
5,"seaweeds",1996,241.5
5,"seaweeds",1997,416.25
5,"seaweeds",1998,545
5,"seaweeds",1999,822.75
5,"seaweeds",2000,758
5,"seaweeds",2001,624.5
5,"seaweeds",2002,465.5
5,"seaweeds",2003,184.75
5,"seaweeds",2004,157.75
5,"seaweeds",2005,166.75
5,"seaweeds",2006,193
5,"seaweeds",2007,234.5
5,"seaweeds",2008,365.75
5,"seaweeds",2009,462.25
5,"seaweeds",2010,539.667
5,"seaweeds",2011,634
5,"shells",1995,3.66667
5,"shells",1996,3
5,"shells",1997,7.75
5,"shells",1998,11.25
5,"shells",1999,22.25
5,"shells",2000,48.5
5,"shells",2001,72
5,"shells",2002,74.5
5,"shells",2003,86.75
5,"shells",2004,72.75
5,"shells",2005,72.75
5,"shells",2006,120.5
5,"shells",2007,124.75
5,"shells",2008,124.5
5,"shells",2009,98.5
5,"shells",2010,59.6667
5,"shells",2011,29.5
5,"sponges",1994,22
5,"sponges",1995,23.75
5,"sponges",1996,17
5,"sponges",1997,23
5,"sponges",1998,18.75
5,"sponges",1999,16.25
5,"sponges",2000,15
5,"sponges",2001,10.25
5,"sponges",2002,9.75
5,"sponges",2003,8.5
5,"sponges",2004,12
5,"sponges",2005,11.25
5,"sponges",2006,15.75
5,"sponges",2007,36.75
5,"sponges",2008,66.25
5,"sponges",2009,86.75
5,"sponges",2010,107.333
5,"sponges",2011,112
6,"fish_oil",1983,5.33333
6,"fish_oil",1984,7
6,"fish_oil",1985,3.25
6,"fish_oil",1986,28
6,"fish_oil",1987,33.75
6,"fish_oil",1988,46.75
6,"fish_oil",1989,46.75
6,"fish_oil",1990,24.75
6,"fish_oil",1991,21.25
6,"fish_oil",1992,9.75
6,"fish_oil",1993,34.75
6,"fish_oil",1994,44.25
6,"fish_oil",1995,104.25
6,"fish_oil",1996,102.5
6,"fish_oil",1997,80.25
6,"fish_oil",1998,73
6,"fish_oil",1999,17.75
6,"fish_oil",2000,15.5
6,"fish_oil",2001,28.25
6,"fish_oil",2002,27.5
6,"fish_oil",2003,36
6,"fish_oil",2004,103.75
6,"fish_oil",2005,228.25
6,"fish_oil",2006,570.5
6,"fish_oil",2007,702
6,"fish_oil",2008,848.75
6,"fish_oil",2009,1061
6,"fish_oil",2010,952.667
6,"fish_oil",2011,1135
6,"seaweeds",1996,113.667
6,"seaweeds",1997,91.75
6,"seaweeds",1998,71
6,"seaweeds",1999,26
6,"seaweeds",2000,23
6,"seaweeds",2001,27
6,"seaweeds",2002,19.75
6,"seaweeds",2003,20
6,"seaweeds",2004,21
6,"seaweeds",2005,20.25
6,"seaweeds",2006,23.25
6,"seaweeds",2007,26.25
6,"seaweeds",2008,24.5
6,"seaweeds",2009,15.5
6,"seaweeds",2010,14.3333
6,"seaweeds",2011,9.5
7,"fish_oil",1983,5.33333
7,"fish_oil",1984,7
7,"fish_oil",1985,3.25
7,"fish_oil",1986,28
7,"fish_oil",1987,33.75
7,"fish_oil",1988,46.75
7,"fish_oil",1989,46.75
7,"fish_oil",1990,24.75
7,"fish_oil",1991,21.25
7,"fish_oil",1992,9.75
7,"fish_oil",1993,34.75
7,"fish_oil",1994,44.25
7,"fish_oil",1995,104.25
7,"fish_oil",1996,102.5
7,"fish_oil",1997,80.25
7,"fish_oil",1998,73
7,"fish_oil",1999,17.75
7,"fish_oil",2000,15.5
7,"fish_oil",2001,28.25
7,"fish_oil",2002,27.5
7,"fish_oil",2003,36
7,"fish_oil",2004,103.75
7,"fish_oil",2005,228.25
7,"fish_oil",2006,570.5
7,"fish_oil",2007,702
7,"fish_oil",2008,848.75
7,"fish_oil",2009,1061
7,"fish_oil",2010,952.667
7,"fish_oil",2011,1135
7,"seaweeds",1996,113.667
7,"seaweeds",1997,91.75
7,"seaweeds",1998,71
7,"seaweeds",1999,26
7,"seaweeds",2000,23
7,"seaweeds",2001,27
7,"seaweeds",2002,19.75
7,"seaweeds",2003,20
7,"seaweeds",2004,21
7,"seaweeds",2005,20.25
7,"seaweeds",2006,23.25
7,"seaweeds",2007,26.25
7,"seaweeds",2008,24.5
7,"seaweeds",2009,15.5
7,"seaweeds",2010,14.3333
7,"seaweeds",2011,9.5
8,"fish_oil",1983,5.33333
8,"fish_oil",1984,7
8,"fish_oil",1985,3.25
8,"fish_oil",1986,28
8,"fish_oil",1987,33.75
8,"fish_oil",1988,46.75
8,"fish_oil",1989,46.75
8,"fish_oil",1990,24.75
8,"fish_oil",1991,21.25
8,"fish_oil",1992,9.75
8,"fish_oil",1993,34.75
8,"fish_oil",1994,44.25
8,"fish_oil",1995,104.25
8,"fish_oil",1996,102.5
8,"fish_oil",1997,80.25
8,"fish_oil",1998,73
8,"fish_oil",1999,17.75
8,"fish_oil",2000,15.5
8,"fish_oil",2001,28.25
8,"fish_oil",2002,27.5
8,"fish_oil",2003,36
8,"fish_oil",2004,103.75
8,"fish_oil",2005,228.25
8,"fish_oil",2006,570.5
8,"fish_oil",2007,702
8,"fish_oil",2008,848.75
8,"fish_oil",2009,1061
8,"fish_oil",2010,952.667
8,"fish_oil",2011,1135
8,"seaweeds",1996,113.667
8,"seaweeds",1997,91.75
8,"seaweeds",1998,71
8,"seaweeds",1999,26
8,"seaweeds",2000,23
8,"seaweeds",2001,27
8,"seaweeds",2002,19.75
8,"seaweeds",2003,20
8,"seaweeds",2004,21
8,"seaweeds",2005,20.25
8,"seaweeds",2006,23.25
8,"seaweeds",2007,26.25
8,"seaweeds",2008,24.5
8,"seaweeds",2009,15.5
8,"seaweeds",2010,14.3333
8,"seaweeds",2011,9.5
9,"fish_oil",1983,5.33333
9,"fish_oil",1984,7
9,"fish_oil",1985,3.25
9,"fish_oil",1986,28
9,"fish_oil",1987,33.75
9,"fish_oil",1988,46.75
9,"fish_oil",1989,46.75
9,"fish_oil",1990,24.75
9,"fish_oil",1991,21.25
9,"fish_oil",1992,9.75
9,"fish_oil",1993,34.75
9,"fish_oil",1994,44.25
9,"fish_oil",1995,104.25
9,"fish_oil",1996,102.5
9,"fish_oil",1997,80.25
9,"fish_oil",1998,73
9,"fish_oil",1999,17.75
9,"fish_oil",2000,15.5
9,"fish_oil",2001,28.25
9,"fish_oil",2002,27.5
9,"fish_oil",2003,36
9,"fish_oil",2004,103.75
9,"fish_oil",2005,228.25
9,"fish_oil",2006,570.5
9,"fish_oil",2007,702
9,"fish_oil",2008,848.75
9,"fish_oil",2009,1061
9,"fish_oil",2010,952.667
9,"fish_oil",2011,1135
9,"seaweeds",1996,113.667
9,"seaweeds",1997,91.75
9,"seaweeds",1998,71
9,"seaweeds",1999,26
9,"seaweeds",2000,23
9,"seaweeds",2001,27
9,"seaweeds",2002,19.75
9,"seaweeds",2003,20
9,"seaweeds",2004,21
9,"seaweeds",2005,20.25
9,"seaweeds",2006,23.25
9,"seaweeds",2007,26.25
9,"seaweeds",2008,24.5
9,"seaweeds",2009,15.5
9,"seaweeds",2010,14.3333
9,"seaweeds",2011,9.5
10,NA,NA,NA
11,"fish_oil",1976,29503.3
11,"fish_oil",1977,28661.8
11,"fish_oil",1978,31585.2
11,"fish_oil",1979,31851
11,"fish_oil",1980,30586
11,"fish_oil",1981,29691
11,"fish_oil",1982,24875.2
11,"fish_oil",1983,21185.5
11,"fish_oil",1984,18595.5
11,"fish_oil",1985,15094.5
11,"fish_oil",1986,14112
11,"fish_oil",1987,11362.2
11,"fish_oil",1988,10831.8
11,"fish_oil",1989,15042.5
11,"fish_oil",1990,19219.2
11,"fish_oil",1991,23618
11,"fish_oil",1992,28413
11,"fish_oil",1993,35690
11,"fish_oil",1994,40257.5
11,"fish_oil",1995,47752.2
11,"fish_oil",1996,54675.5
11,"fish_oil",1997,51048.5
11,"fish_oil",1998,46573
11,"fish_oil",1999,42982.8
11,"fish_oil",2000,42344.5
11,"fish_oil",2001,49088
11,"fish_oil",2002,61388.5
11,"fish_oil",2003,73991.2
11,"fish_oil",2004,90224.8
11,"fish_oil",2005,105374
11,"fish_oil",2006,135410
11,"fish_oil",2007,150430
11,"fish_oil",2008,172281
11,"fish_oil",2009,201335
11,"fish_oil",2010,200648
11,"fish_oil",2011,225438
11,"ornamentals",1988,31
11,"ornamentals",1989,68.75
11,"ornamentals",1990,74
11,"ornamentals",1991,77.25
11,"ornamentals",1992,70.75
11,"ornamentals",1993,37
11,"ornamentals",1994,17.75
11,"ornamentals",1995,16
11,"ornamentals",1996,47.5
11,"ornamentals",1997,50
11,"ornamentals",1998,57
11,"ornamentals",1999,64.75
11,"ornamentals",2000,44
11,"ornamentals",2001,34.5
11,"ornamentals",2002,25
11,"ornamentals",2003,15.75
11,"ornamentals",2004,14.75
11,"ornamentals",2005,11.25
11,"ornamentals",2006,11.5
11,"ornamentals",2007,11.5
11,"ornamentals",2008,1.5
11,"ornamentals",2009,0.25
11,"ornamentals",2010,0
11,"ornamentals",2011,0
11,"seaweeds",1983,637.667
11,"seaweeds",1984,781
11,"seaweeds",1985,4208.25
11,"seaweeds",1986,4296
11,"seaweeds",1987,4489.75
11,"seaweeds",1988,4187
11,"seaweeds",1989,611.25
11,"seaweeds",1990,372.25
11,"seaweeds",1991,0
11,"seaweeds",1992,70.75
11,"seaweeds",1993,263
11,"seaweeds",1994,801
11,"seaweeds",1995,1515.75
11,"seaweeds",1996,1771.75
11,"seaweeds",1997,1871
11,"seaweeds",1998,1577.5
11,"seaweeds",1999,991.25
11,"seaweeds",2000,804
11,"seaweeds",2001,846.75
11,"seaweeds",2002,1084.75
11,"seaweeds",2003,1808.5
11,"seaweeds",2004,2215.5
11,"seaweeds",2005,2608
11,"seaweeds",2006,2699
11,"seaweeds",2007,2388.5
11,"seaweeds",2008,2540
11,"seaweeds",2009,2734.75
11,"seaweeds",2010,2881.67
11,"seaweeds",2011,3239
11,"shells",1976,187.667
11,"shells",1977,198.75
11,"shells",1978,209.25
11,"shells",1979,587.25
11,"shells",1980,914
11,"shells",1981,1177.25
11,"shells",1982,1420.75
11,"shells",1983,1341.5
11,"shells",1984,1451
11,"shells",1985,1767
11,"shells",1986,2115.5
11,"shells",1987,2404.5
11,"shells",1988,1916.5
11,"shells",1989,1279.25
11,"shells",1990,633.75
11,"shells",1991,0
11,"shells",1992,683.75
11,"shells",1993,1245.25
11,"shells",1994,1971
11,"shells",1995,2963
11,"shells",1996,2743.25
11,"shells",1997,2311.75
11,"shells",1998,1811.75
11,"shells",1999,1255.5
11,"shells",2000,1442.5
11,"shells",2001,2041.25
11,"shells",2002,2097
11,"shells",2003,1842.5
11,"shells",2004,1350
11,"shells",2005,786.5
11,"shells",2006,747.75
11,"shells",2007,699.5
11,"shells",2008,764.5
11,"shells",2009,841.25
11,"shells",2010,798
11,"shells",2011,931
11,"sponges",1988,1.33333
11,"sponges",1989,1
11,"sponges",1990,0
11,"sponges",1991,0
11,"sponges",1992,14
11,"sponges",1993,85.5
11,"sponges",1994,87.75
11,"sponges",1995,88.5
11,"sponges",1996,77.5
11,"sponges",1997,10.5
11,"sponges",1998,9.75
11,"sponges",1999,9.75
11,"sponges",2000,7.75
11,"sponges",2001,5.5
11,"sponges",2002,4.25
11,"sponges",2003,4.5
11,"sponges",2004,5.5
11,"sponges",2005,30.75
11,"sponges",2006,32.25
11,"sponges",2007,33.25
11,"sponges",2008,31.25
11,"sponges",2009,12.25
11,"sponges",2010,14
11,"sponges",2011,17
12,"fish_oil",1976,29503.3
12,"fish_oil",1977,28661.8
12,"fish_oil",1978,31585.2
12,"fish_oil",1979,31851
12,"fish_oil",1980,30586
12,"fish_oil",1981,29691
12,"fish_oil",1982,24875.2
12,"fish_oil",1983,21185.5
12,"fish_oil",1984,18595.5
12,"fish_oil",1985,15094.5
12,"fish_oil",1986,14112
12,"fish_oil",1987,11362.2
12,"fish_oil",1988,10831.8
12,"fish_oil",1989,15042.5
12,"fish_oil",1990,19219.2
12,"fish_oil",1991,23618
12,"fish_oil",1992,28413
12,"fish_oil",1993,35690
12,"fish_oil",1994,40257.5
12,"fish_oil",1995,47752.2
12,"fish_oil",1996,54675.5
12,"fish_oil",1997,51048.5
12,"fish_oil",1998,46573
12,"fish_oil",1999,42982.8
12,"fish_oil",2000,42344.5
12,"fish_oil",2001,49088
12,"fish_oil",2002,61388.5
12,"fish_oil",2003,73991.2
12,"fish_oil",2004,90224.8
12,"fish_oil",2005,105374
12,"fish_oil",2006,135410
12,"fish_oil",2007,150430
12,"fish_oil",2008,172281
12,"fish_oil",2009,201335
12,"fish_oil",2010,200648
12,"fish_oil",2011,225438
12,"ornamentals",1988,31
12,"ornamentals",1989,68.75
12,"ornamentals",1990,74
12,"ornamentals",1991,77.25
12,"ornamentals",1992,70.75
12,"ornamentals",1993,37
12,"ornamentals",1994,17.75
12,"ornamentals",1995,16
12,"ornamentals",1996,47.5
12,"ornamentals",1997,50
12,"ornamentals",1998,57
12,"ornamentals",1999,64.75
12,"ornamentals",2000,44
12,"ornamentals",2001,34.5
12,"ornamentals",2002,25
12,"ornamentals",2003,15.75
12,"ornamentals",2004,14.75
12,"ornamentals",2005,11.25
12,"ornamentals",2006,11.5
12,"ornamentals",2007,11.5
12,"ornamentals",2008,1.5
12,"ornamentals",2009,0.25
12,"ornamentals",2010,0
12,"ornamentals",2011,0
12,"seaweeds",1983,637.667
12,"seaweeds",1984,781
12,"seaweeds",1985,4208.25
12,"seaweeds",1986,4296
12,"seaweeds",1987,4489.75
12,"seaweeds",1988,4187
12,"seaweeds",1989,611.25
12,"seaweeds",1990,372.25
12,"seaweeds",1991,0
12,"seaweeds",1992,70.75
12,"seaweeds",1993,263
12,"seaweeds",1994,801
12,"seaweeds",1995,1515.75
12,"seaweeds",1996,1771.75
12,"seaweeds",1997,1871
12,"seaweeds",1998,1577.5
12,"seaweeds",1999,991.25
12,"seaweeds",2000,804
12,"seaweeds",2001,846.75
12,"seaweeds",2002,1084.75
12,"seaweeds",2003,1808.5
12,"seaweeds",2004,2215.5
12,"seaweeds",2005,2608
12,"seaweeds",2006,2699
12,"seaweeds",2007,2388.5
12,"seaweeds",2008,2540
12,"seaweeds",2009,2734.75
12,"seaweeds",2010,2881.67
12,"seaweeds",2011,3239
12,"shells",1976,187.667
12,"shells",1977,198.75
12,"shells",1978,209.25
12,"shells",1979,587.25
12,"shells",1980,914
12,"shells",1981,1177.25
12,"shells",1982,1420.75
12,"shells",1983,1341.5
12,"shells",1984,1451
12,"shells",1985,1767
12,"shells",1986,2115.5
12,"shells",1987,2404.5
12,"shells",1988,1916.5
12,"shells",1989,1279.25
12,"shells",1990,633.75
12,"shells",1991,0
12,"shells",1992,683.75
12,"shells",1993,1245.25
12,"shells",1994,1971
12,"shells",1995,2963
12,"shells",1996,2743.25
12,"shells",1997,2311.75
12,"shells",1998,1811.75
12,"shells",1999,1255.5
12,"shells",2000,1442.5
12,"shells",2001,2041.25
12,"shells",2002,2097
12,"shells",2003,1842.5
12,"shells",2004,1350
12,"shells",2005,786.5
12,"shells",2006,747.75
12,"shells",2007,699.5
12,"shells",2008,764.5
12,"shells",2009,841.25
12,"shells",2010,798
12,"shells",2011,931
12,"sponges",1988,1.33333
12,"sponges",1989,1
12,"sponges",1990,0
12,"sponges",1991,0
12,"sponges",1992,14
12,"sponges",1993,85.5
12,"sponges",1994,87.75
12,"sponges",1995,88.5
12,"sponges",1996,77.5
12,"sponges",1997,10.5
12,"sponges",1998,9.75
12,"sponges",1999,9.75
12,"sponges",2000,7.75
12,"sponges",2001,5.5
12,"sponges",2002,4.25
12,"sponges",2003,4.5
12,"sponges",2004,5.5
12,"sponges",2005,30.75
12,"sponges",2006,32.25
12,"sponges",2007,33.25
12,"sponges",2008,31.25
12,"sponges",2009,12.25
12,"sponges",2010,14
12,"sponges",2011,17
13,"fish_oil",1976,29503.3
13,"fish_oil",1977,28661.8
13,"fish_oil",1978,31585.2
13,"fish_oil",1979,31851
13,"fish_oil",1980,30586
13,"fish_oil",1981,29691
13,"fish_oil",1982,24875.2
13,"fish_oil",1983,21185.5
13,"fish_oil",1984,18595.5
13,"fish_oil",1985,15094.5
13,"fish_oil",1986,14112
13,"fish_oil",1987,11362.2
13,"fish_oil",1988,10831.8
13,"fish_oil",1989,15042.5
13,"fish_oil",1990,19219.2
13,"fish_oil",1991,23618
13,"fish_oil",1992,28413
13,"fish_oil",1993,35690
13,"fish_oil",1994,40257.5
13,"fish_oil",1995,47752.2
13,"fish_oil",1996,54675.5
13,"fish_oil",1997,51048.5
13,"fish_oil",1998,46573
13,"fish_oil",1999,42982.8
13,"fish_oil",2000,42344.5
13,"fish_oil",2001,49088
13,"fish_oil",2002,61388.5
13,"fish_oil",2003,73991.2
13,"fish_oil",2004,90224.8
13,"fish_oil",2005,105374
13,"fish_oil",2006,135410
13,"fish_oil",2007,150430
13,"fish_oil",2008,172281
13,"fish_oil",2009,201335
13,"fish_oil",2010,200648
13,"fish_oil",2011,225438
13,"ornamentals",1988,31
13,"ornamentals",1989,68.75
13,"ornamentals",1990,74
13,"ornamentals",1991,77.25
13,"ornamentals",1992,70.75
13,"ornamentals",1993,37
13,"ornamentals",1994,17.75
13,"ornamentals",1995,16
13,"ornamentals",1996,47.5
13,"ornamentals",1997,50
13,"ornamentals",1998,57
13,"ornamentals",1999,64.75
13,"ornamentals",2000,44
13,"ornamentals",2001,34.5
13,"ornamentals",2002,25
13,"ornamentals",2003,15.75
13,"ornamentals",2004,14.75
13,"ornamentals",2005,11.25
13,"ornamentals",2006,11.5
13,"ornamentals",2007,11.5
13,"ornamentals",2008,1.5
13,"ornamentals",2009,0.25
13,"ornamentals",2010,0
13,"ornamentals",2011,0
13,"seaweeds",1983,637.667
13,"seaweeds",1984,781
13,"seaweeds",1985,4208.25
13,"seaweeds",1986,4296
13,"seaweeds",1987,4489.75
13,"seaweeds",1988,4187
13,"seaweeds",1989,611.25
13,"seaweeds",1990,372.25
13,"seaweeds",1991,0
13,"seaweeds",1992,70.75
13,"seaweeds",1993,263
13,"seaweeds",1994,801
13,"seaweeds",1995,1515.75
13,"seaweeds",1996,1771.75
13,"seaweeds",1997,1871
13,"seaweeds",1998,1577.5
13,"seaweeds",1999,991.25
13,"seaweeds",2000,804
13,"seaweeds",2001,846.75
13,"seaweeds",2002,1084.75
13,"seaweeds",2003,1808.5
13,"seaweeds",2004,2215.5
13,"seaweeds",2005,2608
13,"seaweeds",2006,2699
13,"seaweeds",2007,2388.5
13,"seaweeds",2008,2540
13,"seaweeds",2009,2734.75
13,"seaweeds",2010,2881.67
13,"seaweeds",2011,3239
13,"shells",1976,187.667
13,"shells",1977,198.75
13,"shells",1978,209.25
13,"shells",1979,587.25
13,"shells",1980,914
13,"shells",1981,1177.25
13,"shells",1982,1420.75
13,"shells",1983,1341.5
13,"shells",1984,1451
13,"shells",1985,1767
13,"shells",1986,2115.5
13,"shells",1987,2404.5
13,"shells",1988,1916.5
13,"shells",1989,1279.25
13,"shells",1990,633.75
13,"shells",1991,0
13,"shells",1992,683.75
13,"shells",1993,1245.25
13,"shells",1994,1971
13,"shells",1995,2963
13,"shells",1996,2743.25
13,"shells",1997,2311.75
13,"shells",1998,1811.75
13,"shells",1999,1255.5
13,"shells",2000,1442.5
13,"shells",2001,2041.25
13,"shells",2002,2097
13,"shells",2003,1842.5
13,"shells",2004,1350
13,"shells",2005,786.5
13,"shells",2006,747.75
13,"shells",2007,699.5
13,"shells",2008,764.5
13,"shells",2009,841.25
13,"shells",2010,798
13,"shells",2011,931
13,"sponges",1988,1.33333
13,"sponges",1989,1
13,"sponges",1990,0
13,"sponges",1991,0
13,"sponges",1992,14
13,"sponges",1993,85.5
13,"sponges",1994,87.75
13,"sponges",1995,88.5
13,"sponges",1996,77.5
13,"sponges",1997,10.5
13,"sponges",1998,9.75
13,"sponges",1999,9.75
13,"sponges",2000,7.75
13,"sponges",2001,5.5
13,"sponges",2002,4.25
13,"sponges",2003,4.5
13,"sponges",2004,5.5
13,"sponges",2005,30.75
13,"sponges",2006,32.25
13,"sponges",2007,33.25
13,"sponges",2008,31.25
13,"sponges",2009,12.25
13,"sponges",2010,14
13,"sponges",2011,17
14,"fish_oil",1976,29503.3
14,"fish_oil",1977,28661.8
14,"fish_oil",1978,31585.2
14,"fish_oil",1979,31851
14,"fish_oil",1980,30586
14,"fish_oil",1981,29691
14,"fish_oil",1982,24875.2
14,"fish_oil",1983,21185.5
14,"fish_oil",1984,18595.5
14,"fish_oil",1985,15094.5
14,"fish_oil",1986,14112
14,"fish_oil",1987,11362.2
14,"fish_oil",1988,10831.8
14,"fish_oil",1989,15042.5
14,"fish_oil",1990,19219.2
14,"fish_oil",1991,23618
14,"fish_oil",1992,28413
14,"fish_oil",1993,35690
14,"fish_oil",1994,40257.5
14,"fish_oil",1995,47752.2
14,"fish_oil",1996,54675.5
14,"fish_oil",1997,51048.5
14,"fish_oil",1998,46573
14,"fish_oil",1999,42982.8
14,"fish_oil",2000,42344.5
14,"fish_oil",2001,49088
14,"fish_oil",2002,61388.5
14,"fish_oil",2003,73991.2
14,"fish_oil",2004,90224.8
14,"fish_oil",2005,105374
14,"fish_oil",2006,135410
14,"fish_oil",2007,150430
14,"fish_oil",2008,172281
14,"fish_oil",2009,201335
14,"fish_oil",2010,200648
14,"fish_oil",2011,225438
14,"ornamentals",1988,31
14,"ornamentals",1989,68.75
14,"ornamentals",1990,74
14,"ornamentals",1991,77.25
14,"ornamentals",1992,70.75
14,"ornamentals",1993,37
14,"ornamentals",1994,17.75
14,"ornamentals",1995,16
14,"ornamentals",1996,47.5
14,"ornamentals",1997,50
14,"ornamentals",1998,57
14,"ornamentals",1999,64.75
14,"ornamentals",2000,44
14,"ornamentals",2001,34.5
14,"ornamentals",2002,25
14,"ornamentals",2003,15.75
14,"ornamentals",2004,14.75
14,"ornamentals",2005,11.25
14,"ornamentals",2006,11.5
14,"ornamentals",2007,11.5
14,"ornamentals",2008,1.5
14,"ornamentals",2009,0.25
14,"ornamentals",2010,0
14,"ornamentals",2011,0
14,"seaweeds",1983,637.667
14,"seaweeds",1984,781
14,"seaweeds",1985,4208.25
14,"seaweeds",1986,4296
14,"seaweeds",1987,4489.75
14,"seaweeds",1988,4187
14,"seaweeds",1989,611.25
14,"seaweeds",1990,372.25
14,"seaweeds",1991,0
14,"seaweeds",1992,70.75
14,"seaweeds",1993,263
14,"seaweeds",1994,801
14,"seaweeds",1995,1515.75
14,"seaweeds",1996,1771.75
14,"seaweeds",1997,1871
14,"seaweeds",1998,1577.5
14,"seaweeds",1999,991.25
14,"seaweeds",2000,804
14,"seaweeds",2001,846.75
14,"seaweeds",2002,1084.75
14,"seaweeds",2003,1808.5
14,"seaweeds",2004,2215.5
14,"seaweeds",2005,2608
14,"seaweeds",2006,2699
14,"seaweeds",2007,2388.5
14,"seaweeds",2008,2540
14,"seaweeds",2009,2734.75
14,"seaweeds",2010,2881.67
14,"seaweeds",2011,3239
14,"shells",1976,187.667
14,"shells",1977,198.75
14,"shells",1978,209.25
14,"shells",1979,587.25
14,"shells",1980,914
14,"shells",1981,1177.25
14,"shells",1982,1420.75
14,"shells",1983,1341.5
14,"shells",1984,1451
14,"shells",1985,1767
14,"shells",1986,2115.5
14,"shells",1987,2404.5
14,"shells",1988,1916.5
14,"shells",1989,1279.25
14,"shells",1990,633.75
14,"shells",1991,0
14,"shells",1992,683.75
14,"shells",1993,1245.25
14,"shells",1994,1971
14,"shells",1995,2963
14,"shells",1996,2743.25
14,"shells",1997,2311.75
14,"shells",1998,1811.75
14,"shells",1999,1255.5
14,"shells",2000,1442.5
14,"shells",2001,2041.25
14,"shells",2002,2097
14,"shells",2003,1842.5
14,"shells",2004,1350
14,"shells",2005,786.5
14,"shells",2006,747.75
14,"shells",2007,699.5
14,"shells",2008,764.5
14,"shells",2009,841.25
14,"shells",2010,798
14,"shells",2011,931
14,"sponges",1988,1.33333
14,"sponges",1989,1
14,"sponges",1990,0
14,"sponges",1991,0
14,"sponges",1992,14
14,"sponges",1993,85.5
14,"sponges",1994,87.75
14,"sponges",1995,88.5
14,"sponges",1996,77.5
14,"sponges",1997,10.5
14,"sponges",1998,9.75
14,"sponges",1999,9.75
14,"sponges",2000,7.75
14,"sponges",2001,5.5
14,"sponges",2002,4.25
14,"sponges",2003,4.5
14,"sponges",2004,5.5
14,"sponges",2005,30.75
14,"sponges",2006,32.25
14,"sponges",2007,33.25
14,"sponges",2008,31.25
14,"sponges",2009,12.25
14,"sponges",2010,14
14,"sponges",2011,17
15,"fish_oil",1976,2837
15,"fish_oil",1977,2678.5
15,"fish_oil",1978,2537.25
15,"fish_oil",1979,2496
15,"fish_oil",1980,2164.75
15,"fish_oil",1981,1969.75
15,"fish_oil",1982,1764.5
15,"fish_oil",1983,1419.75
15,"fish_oil",1984,1214.75
15,"fish_oil",1985,1253
15,"fish_oil",1986,1940
15,"fish_oil",1987,2747.5
15,"fish_oil",1988,3269.5
15,"fish_oil",1989,3765
15,"fish_oil",1990,3770
15,"fish_oil",1991,3305.75
15,"fish_oil",1992,3172.25
15,"fish_oil",1993,4253
15,"fish_oil",1994,4110
15,"fish_oil",1995,4444.25
15,"fish_oil",1996,5665
15,"fish_oil",1997,4821.5
15,"fish_oil",1998,4866
15,"fish_oil",1999,5277.75
15,"fish_oil",2000,5172.5
15,"fish_oil",2001,6272.25
15,"fish_oil",2002,8100.5
15,"fish_oil",2003,9746.5
15,"fish_oil",2004,12931
15,"fish_oil",2005,17616
15,"fish_oil",2006,22380.2
15,"fish_oil",2007,24928
15,"fish_oil",2008,26305.2
15,"fish_oil",2009,27873.5
15,"fish_oil",2010,27128
15,"fish_oil",2011,29639
15,"ornamentals",1988,42.6667
15,"ornamentals",1989,80.75
15,"ornamentals",1990,80.5
15,"ornamentals",1991,95.75
15,"ornamentals",1992,98
15,"ornamentals",1993,121
15,"ornamentals",1994,109.25
15,"ornamentals",1995,92.75
15,"ornamentals",1996,95.5
15,"ornamentals",1997,90
15,"ornamentals",1998,283
15,"ornamentals",1999,418
15,"ornamentals",2000,467.75
15,"ornamentals",2001,507.75
15,"ornamentals",2002,487.75
15,"ornamentals",2003,503.75
15,"ornamentals",2004,563
15,"ornamentals",2005,614
15,"ornamentals",2006,612
15,"ornamentals",2007,616
15,"ornamentals",2008,631
15,"ornamentals",2009,598.25
15,"ornamentals",2010,562.333
15,"ornamentals",2011,520.5
15,"seaweeds",1976,546.333
15,"seaweeds",1977,643
15,"seaweeds",1978,772.75
15,"seaweeds",1979,813.75
15,"seaweeds",1980,796.25
15,"seaweeds",1981,830.5
15,"seaweeds",1982,1013.25
15,"seaweeds",1983,1140.5
15,"seaweeds",1984,1340.75
15,"seaweeds",1985,1673
15,"seaweeds",1986,1853.5
15,"seaweeds",1987,2374.75
15,"seaweeds",1988,2066
15,"seaweeds",1989,1511.5
15,"seaweeds",1990,929.5
15,"seaweeds",1991,185.75
15,"seaweeds",1992,1282.5
15,"seaweeds",1993,2360.5
15,"seaweeds",1994,3892.75
15,"seaweeds",1995,5420.75
15,"seaweeds",1996,5771.5
15,"seaweeds",1997,6134.25
15,"seaweeds",1998,6111.75
15,"seaweeds",1999,6110
15,"seaweeds",2000,6929.5
15,"seaweeds",2001,7808.75
15,"seaweeds",2002,8883.75
15,"seaweeds",2003,10203.8
15,"seaweeds",2004,11486.5
15,"seaweeds",2005,11911.8
15,"seaweeds",2006,13360.5
15,"seaweeds",2007,13212.2
15,"seaweeds",2008,13773.5
15,"seaweeds",2009,15594.8
15,"seaweeds",2010,15368.3
15,"seaweeds",2011,17531
15,"shells",1976,421.667
15,"shells",1977,431
15,"shells",1978,466.5
15,"shells",1979,447.75
15,"shells",1980,421
15,"shells",1981,374.75
15,"shells",1982,343.25
15,"shells",1983,315.25
15,"shells",1984,369.75
15,"shells",1985,449.5
15,"shells",1986,536.25
15,"shells",1987,651.5
15,"shells",1988,801
15,"shells",1989,998.5
15,"shells",1990,1327.75
15,"shells",1991,1535.75
15,"shells",1992,1671.5
15,"shells",1993,1688.75
15,"shells",1994,1468.5
15,"shells",1995,1281.75
15,"shells",1996,1046.5
15,"shells",1997,825
15,"shells",1998,715.5
15,"shells",1999,619.5
15,"shells",2000,525
15,"shells",2001,500.5
15,"shells",2002,519
15,"shells",2003,524
15,"shells",2004,540.75
15,"shells",2005,532.25
15,"shells",2006,567
15,"shells",2007,612.25
15,"shells",2008,649.5
15,"shells",2009,766.5
15,"shells",2010,730
15,"shells",2011,781.5
15,"sponges",1976,117.667
15,"sponges",1977,121.25
15,"sponges",1978,148
15,"sponges",1979,151.75
15,"sponges",1980,155
15,"sponges",1981,161.5
15,"sponges",1982,164.25
15,"sponges",1983,191.5
15,"sponges",1984,264
15,"sponges",1985,315.25
15,"sponges",1986,439.75
15,"sponges",1987,523.5
15,"sponges",1988,557
15,"sponges",1989,599
15,"sponges",1990,628.5
15,"sponges",1991,675.75
15,"sponges",1992,681.25
15,"sponges",1993,729.75
15,"sponges",1994,661.75
15,"sponges",1995,612
15,"sponges",1996,607.25
15,"sponges",1997,547.75
15,"sponges",1998,511.25
15,"sponges",1999,483.5
15,"sponges",2000,486.75
15,"sponges",2001,486.5
15,"sponges",2002,535.5
15,"sponges",2003,532.25
15,"sponges",2004,598.5
15,"sponges",2005,680.75
15,"sponges",2006,785
15,"sponges",2007,820.25
15,"sponges",2008,769.5
15,"sponges",2009,728.75
15,"sponges",2010,634.667
15,"sponges",2011,655.5
16,"fish_oil",1976,2837
16,"fish_oil",1977,2678.5
16,"fish_oil",1978,2537.25
16,"fish_oil",1979,2496
16,"fish_oil",1980,2164.75
16,"fish_oil",1981,1969.75
16,"fish_oil",1982,1764.5
16,"fish_oil",1983,1419.75
16,"fish_oil",1984,1214.75
16,"fish_oil",1985,1253
16,"fish_oil",1986,1940
16,"fish_oil",1987,2747.5
16,"fish_oil",1988,3269.5
16,"fish_oil",1989,3765
16,"fish_oil",1990,3770
16,"fish_oil",1991,3305.75
16,"fish_oil",1992,3172.25
16,"fish_oil",1993,4253
16,"fish_oil",1994,4110
16,"fish_oil",1995,4444.25
16,"fish_oil",1996,5665
16,"fish_oil",1997,4821.5
16,"fish_oil",1998,4866
16,"fish_oil",1999,5277.75
16,"fish_oil",2000,5172.5
16,"fish_oil",2001,6272.25
16,"fish_oil",2002,8100.5
16,"fish_oil",2003,9746.5
16,"fish_oil",2004,12931
16,"fish_oil",2005,17616
16,"fish_oil",2006,22380.2
16,"fish_oil",2007,24928
16,"fish_oil",2008,26305.2
16,"fish_oil",2009,27873.5
16,"fish_oil",2010,27128
16,"fish_oil",2011,29639
16,"ornamentals",1988,42.6667
16,"ornamentals",1989,80.75
16,"ornamentals",1990,80.5
16,"ornamentals",1991,95.75
16,"ornamentals",1992,98
16,"ornamentals",1993,121
16,"ornamentals",1994,109.25
16,"ornamentals",1995,92.75
16,"ornamentals",1996,95.5
16,"ornamentals",1997,90
16,"ornamentals",1998,283
16,"ornamentals",1999,418
16,"ornamentals",2000,467.75
16,"ornamentals",2001,507.75
16,"ornamentals",2002,487.75
16,"ornamentals",2003,503.75
16,"ornamentals",2004,563
16,"ornamentals",2005,614
16,"ornamentals",2006,612
16,"ornamentals",2007,616
16,"ornamentals",2008,631
16,"ornamentals",2009,598.25
16,"ornamentals",2010,562.333
16,"ornamentals",2011,520.5
16,"seaweeds",1976,546.333
16,"seaweeds",1977,643
16,"seaweeds",1978,772.75
16,"seaweeds",1979,813.75
16,"seaweeds",1980,796.25
16,"seaweeds",1981,830.5
16,"seaweeds",1982,1013.25
16,"seaweeds",1983,1140.5
16,"seaweeds",1984,1340.75
16,"seaweeds",1985,1673
16,"seaweeds",1986,1853.5
16,"seaweeds",1987,2374.75
16,"seaweeds",1988,2066
16,"seaweeds",1989,1511.5
16,"seaweeds",1990,929.5
16,"seaweeds",1991,185.75
16,"seaweeds",1992,1282.5
16,"seaweeds",1993,2360.5
16,"seaweeds",1994,3892.75
16,"seaweeds",1995,5420.75
16,"seaweeds",1996,5771.5
16,"seaweeds",1997,6134.25
16,"seaweeds",1998,6111.75
16,"seaweeds",1999,6110
16,"seaweeds",2000,6929.5
16,"seaweeds",2001,7808.75
16,"seaweeds",2002,8883.75
16,"seaweeds",2003,10203.8
16,"seaweeds",2004,11486.5
16,"seaweeds",2005,11911.8
16,"seaweeds",2006,13360.5
16,"seaweeds",2007,13212.2
16,"seaweeds",2008,13773.5
16,"seaweeds",2009,15594.8
16,"seaweeds",2010,15368.3
16,"seaweeds",2011,17531
16,"shells",1976,421.667
16,"shells",1977,431
16,"shells",1978,466.5
16,"shells",1979,447.75
16,"shells",1980,421
16,"shells",1981,374.75
16,"shells",1982,343.25
16,"shells",1983,315.25
16,"shells",1984,369.75
16,"shells",1985,449.5
16,"shells",1986,536.25
16,"shells",1987,651.5
16,"shells",1988,801
16,"shells",1989,998.5
16,"shells",1990,1327.75
16,"shells",1991,1535.75
16,"shells",1992,1671.5
16,"shells",1993,1688.75
16,"shells",1994,1468.5
16,"shells",1995,1281.75
16,"shells",1996,1046.5
16,"shells",1997,825
16,"shells",1998,715.5
16,"shells",1999,619.5
16,"shells",2000,525
16,"shells",2001,500.5
16,"shells",2002,519
16,"shells",2003,524
16,"shells",2004,540.75
16,"shells",2005,532.25
16,"shells",2006,567
16,"shells",2007,612.25
16,"shells",2008,649.5
16,"shells",2009,766.5
16,"shells",2010,730
16,"shells",2011,781.5
16,"sponges",1976,117.667
16,"sponges",1977,121.25
16,"sponges",1978,148
16,"sponges",1979,151.75
16,"sponges",1980,155
16,"sponges",1981,161.5
16,"sponges",1982,164.25
16,"sponges",1983,191.5
16,"sponges",1984,264
16,"sponges",1985,315.25
16,"sponges",1986,439.75
16,"sponges",1987,523.5
16,"sponges",1988,557
16,"sponges",1989,599
16,"sponges",1990,628.5
16,"sponges",1991,675.75
16,"sponges",1992,681.25
16,"sponges",1993,729.75
16,"sponges",1994,661.75
16,"sponges",1995,612
16,"sponges",1996,607.25
16,"sponges",1997,547.75
16,"sponges",1998,511.25
16,"sponges",1999,483.5
16,"sponges",2000,486.75
16,"sponges",2001,486.5
16,"sponges",2002,535.5
16,"sponges",2003,532.25
16,"sponges",2004,598.5
16,"sponges",2005,680.75
16,"sponges",2006,785
16,"sponges",2007,820.25
16,"sponges",2008,769.5
16,"sponges",2009,728.75
16,"sponges",2010,634.667
16,"sponges",2011,655.5
17,"fish_oil",1987,6
17,"fish_oil",1988,4.5
17,"fish_oil",1989,0
17,"fish_oil",1990,0
17,"fish_oil",1991,14.75
17,"fish_oil",1992,14.75
17,"fish_oil",1993,18.75
17,"fish_oil",1994,19
17,"fish_oil",1995,4.25
17,"fish_oil",1996,5.5
17,"fish_oil",1997,1.5
17,"fish_oil",1998,2.5
17,"fish_oil",1999,4.5
17,"fish_oil",2000,4.25
17,"fish_oil",2001,7.75
17,"fish_oil",2002,68.5
17,"fish_oil",2003,156
17,"fish_oil",2004,223.25
17,"fish_oil",2005,319.5
17,"fish_oil",2006,364.75
17,"fish_oil",2007,446.25
17,"fish_oil",2008,598.5
17,"fish_oil",2009,853.75
17,"fish_oil",2010,995.333
17,"fish_oil",2011,1151
17,"seaweeds",1995,12
17,"seaweeds",1996,9
17,"seaweeds",1997,0
17,"seaweeds",1998,0
17,"seaweeds",1999,0
17,"seaweeds",2000,0
17,"seaweeds",2001,0
17,"seaweeds",2002,0
17,"seaweeds",2003,0
17,"seaweeds",2004,0
17,"seaweeds",2005,0
17,"seaweeds",2006,0
17,"seaweeds",2007,27.5
17,"seaweeds",2008,74.75
17,"seaweeds",2009,107.75
17,"seaweeds",2010,143.667
17,"seaweeds",2011,160.5
17,"shells",1994,376.339
17,"shells",1995,282.255
17,"shells",1996,191.5
17,"shells",1997,55.75
17,"shells",1998,0
17,"shells",1999,0
17,"shells",2000,0
17,"shells",2001,0
17,"shells",2002,0
17,"shells",2003,0
17,"shells",2004,0
17,"shells",2005,0
17,"shells",2006,0
17,"shells",2007,191.25
17,"shells",2008,360
17,"shells",2009,557.25
17,"shells",2010,743
17,"shells",2011,732
18,"corals",2000,50.6667
18,"corals",2001,64.5
18,"corals",2002,70.5
18,"corals",2003,68.75
18,"corals",2004,85
18,"corals",2005,74.5
18,"corals",2006,65
18,"corals",2007,66.75
18,"corals",2008,123
18,"corals",2009,116.75
18,"corals",2010,137.667
18,"corals",2011,168.5
18,"fish_oil",1976,102.667
18,"fish_oil",1977,144.75
18,"fish_oil",1978,152.75
18,"fish_oil",1979,201.5
18,"fish_oil",1980,183.75
18,"fish_oil",1981,197.5
18,"fish_oil",1982,167.25
18,"fish_oil",1983,155.75
18,"fish_oil",1984,176.25
18,"fish_oil",1985,139
18,"fish_oil",1986,3083.75
18,"fish_oil",1987,4425.75
18,"fish_oil",1988,6427.5
18,"fish_oil",1989,8010.5
18,"fish_oil",1990,5222.75
18,"fish_oil",1991,4214.5
18,"fish_oil",1992,2407
18,"fish_oil",1993,964.5
18,"fish_oil",1994,1151.25
18,"fish_oil",1995,970.5
18,"fish_oil",1996,839.5
18,"fish_oil",1997,741.5
18,"fish_oil",1998,610
18,"fish_oil",1999,480.25
18,"fish_oil",2000,466.25
18,"fish_oil",2001,450.5
18,"fish_oil",2002,329.5
18,"fish_oil",2003,283.75
18,"fish_oil",2004,230.75
18,"fish_oil",2005,193.5
18,"fish_oil",2006,147
18,"fish_oil",2007,154.75
18,"fish_oil",2008,152
18,"fish_oil",2009,159.75
18,"fish_oil",2010,153.333
18,"fish_oil",2011,149.5
18,"seaweeds",1998,267.333
18,"seaweeds",1999,275.5
18,"seaweeds",2000,310
18,"seaweeds",2001,410.75
18,"seaweeds",2002,315.75
18,"seaweeds",2003,300
18,"seaweeds",2004,300
18,"seaweeds",2005,344.25
18,"seaweeds",2006,326
18,"seaweeds",2007,331.75
18,"seaweeds",2008,390
18,"seaweeds",2009,459
18,"seaweeds",2010,519.667
18,"seaweeds",2011,649.5
18,"sponges",2000,29.6667
18,"sponges",2001,47.25
18,"sponges",2002,49.75
18,"sponges",2003,122
18,"sponges",2004,112.25
18,"sponges",2005,87.25
18,"sponges",2006,78.5
18,"sponges",2007,0
18,"sponges",2008,0
18,"sponges",2009,0
18,"sponges",2010,0
18,"sponges",2011,0
19,"corals",2000,50.6667
19,"corals",2001,64.5
19,"corals",2002,70.5
19,"corals",2003,68.75
19,"corals",2004,85
19,"corals",2005,74.5
19,"corals",2006,65
19,"corals",2007,66.75
19,"corals",2008,123
19,"corals",2009,116.75
19,"corals",2010,137.667
19,"corals",2011,168.5
19,"fish_oil",1976,102.667
19,"fish_oil",1977,144.75
19,"fish_oil",1978,152.75
19,"fish_oil",1979,201.5
19,"fish_oil",1980,183.75
19,"fish_oil",1981,197.5
19,"fish_oil",1982,167.25
19,"fish_oil",1983,155.75
19,"fish_oil",1984,176.25
19,"fish_oil",1985,139
19,"fish_oil",1986,3083.75
19,"fish_oil",1987,4425.75
19,"fish_oil",1988,6427.5
19,"fish_oil",1989,8010.5
19,"fish_oil",1990,5222.75
19,"fish_oil",1991,4214.5
19,"fish_oil",1992,2407
19,"fish_oil",1993,964.5
19,"fish_oil",1994,1151.25
19,"fish_oil",1995,970.5
19,"fish_oil",1996,839.5
19,"fish_oil",1997,741.5
19,"fish_oil",1998,610
19,"fish_oil",1999,480.25
19,"fish_oil",2000,466.25
19,"fish_oil",2001,450.5
19,"fish_oil",2002,329.5
19,"fish_oil",2003,283.75
19,"fish_oil",2004,230.75
19,"fish_oil",2005,193.5
19,"fish_oil",2006,147
19,"fish_oil",2007,154.75
19,"fish_oil",2008,152
19,"fish_oil",2009,159.75
19,"fish_oil",2010,153.333
19,"fish_oil",2011,149.5
19,"seaweeds",1998,267.333
19,"seaweeds",1999,275.5
19,"seaweeds",2000,310
19,"seaweeds",2001,410.75
19,"seaweeds",2002,315.75
19,"seaweeds",2003,300
19,"seaweeds",2004,300
19,"seaweeds",2005,344.25
19,"seaweeds",2006,326
19,"seaweeds",2007,331.75
19,"seaweeds",2008,390
19,"seaweeds",2009,459
19,"seaweeds",2010,519.667
19,"seaweeds",2011,649.5
19,"sponges",2000,29.6667
19,"sponges",2001,47.25
19,"sponges",2002,49.75
19,"sponges",2003,122
19,"sponges",2004,112.25
19,"sponges",2005,87.25
19,"sponges",2006,78.5
19,"sponges",2007,0
19,"sponges",2008,0
19,"sponges",2009,0
19,"sponges",2010,0
19,"sponges",2011,0
20,"fish_oil",1994,43
20,"fish_oil",1995,33
20,"fish_oil",1996,24
20,"fish_oil",1997,10.5
20,"fish_oil",1998,7
20,"fish_oil",1999,14
20,"fish_oil",2000,40.25
20,"fish_oil",2001,88.5
20,"fish_oil",2002,135
20,"fish_oil",2003,160
20,"fish_oil",2004,150.75
20,"fish_oil",2005,132.25
20,"fish_oil",2006,213.75
20,"fish_oil",2007,328.5
20,"fish_oil",2008,407.75
20,"fish_oil",2009,458.25
20,"fish_oil",2010,435.333
20,"fish_oil",2011,358
20,"seaweeds",1996,6.33333
20,"seaweeds",1997,13.25
20,"seaweeds",1998,12.5
20,"seaweeds",1999,18.5
20,"seaweeds",2000,35.25
20,"seaweeds",2001,50.25
20,"seaweeds",2002,53.75
20,"seaweeds",2003,58
20,"seaweeds",2004,140.5
20,"seaweeds",2005,135
20,"seaweeds",2006,165.75
20,"seaweeds",2007,202.75
20,"seaweeds",2008,207
20,"seaweeds",2009,403.75
20,"seaweeds",2010,490.667
20,"seaweeds",2011,640.5
20,"shells",1996,34.3333
20,"shells",1997,37.75
20,"shells",1998,92.75
20,"shells",1999,183.25
20,"shells",2000,223.75
20,"shells",2001,387.5
20,"shells",2002,606.75
20,"shells",2003,805.5
20,"shells",2004,869
20,"shells",2005,884
20,"shells",2006,760.25
20,"shells",2007,633.75
20,"shells",2008,716.25
20,"shells",2009,671
20,"shells",2010,691.667
20,"shells",2011,696.5
20,"sponges",1977,62.0246
20,"sponges",1978,62.0246
20,"sponges",1979,62.0246
20,"sponges",1980,62.0246
20,"sponges",1981,62.0246
20,"sponges",1982,62.0246
20,"sponges",1983,62.0246
20,"sponges",1984,62.0246
20,"sponges",1985,62.0246
20,"sponges",1986,62.0246
20,"sponges",1987,62.0246
20,"sponges",1988,62.0246
20,"sponges",1989,62.0246
20,"sponges",1990,62.0246
20,"sponges",1991,62.0246
20,"sponges",1992,62.0246
20,"sponges",1993,62.0246
20,"sponges",1994,62.0246
20,"sponges",1995,62.0246
20,"sponges",1996,62.0246
20,"sponges",1997,62.0246
20,"sponges",1998,62.0246
20,"sponges",1999,62.0246
20,"sponges",2000,62.0246
20,"sponges",2001,62.0246
20,"sponges",2002,62.0246
20,"sponges",2003,62.0246
20,"sponges",2004,46.7685
20,"sponges",2005,68.5123
20,"sponges",2006,93.2562
20,"sponges",2007,237.25
20,"sponges",2008,240
20,"sponges",2009,203
20,"sponges",2010,217
20,"sponges",2011,6.5
21,"fish_oil",1993,81.6667
21,"fish_oil",1994,74.5
21,"fish_oil",1995,68.75
21,"fish_oil",1996,61.5
21,"fish_oil",1997,69.25
21,"fish_oil",1998,100.25
21,"fish_oil",1999,155.75
21,"fish_oil",2000,226.25
21,"fish_oil",2001,270
21,"fish_oil",2002,267
21,"fish_oil",2003,265.25
21,"fish_oil",2004,227.25
21,"fish_oil",2005,227
21,"fish_oil",2006,277.75
21,"fish_oil",2007,274.25
21,"fish_oil",2008,303
21,"fish_oil",2009,441
21,"fish_oil",2010,465.333
21,"fish_oil",2011,570
21,"seaweeds",1994,14
21,"seaweeds",1995,10.5
21,"seaweeds",1996,7.75
21,"seaweeds",1997,8.75
21,"seaweeds",1998,10
21,"seaweeds",1999,20
21,"seaweeds",2000,30.5
21,"seaweeds",2001,34
21,"seaweeds",2002,36.75
21,"seaweeds",2003,32.25
21,"seaweeds",2004,26
21,"seaweeds",2005,31.25
21,"seaweeds",2006,63.75
21,"seaweeds",2007,88.25
21,"seaweeds",2008,140.75
21,"seaweeds",2009,228.5
21,"seaweeds",2010,250.667
21,"seaweeds",2011,316
22,"fish_oil",1993,81.6667
22,"fish_oil",1994,74.5
22,"fish_oil",1995,68.75
22,"fish_oil",1996,61.5
22,"fish_oil",1997,69.25
22,"fish_oil",1998,100.25
22,"fish_oil",1999,155.75
22,"fish_oil",2000,226.25
22,"fish_oil",2001,270
22,"fish_oil",2002,267
22,"fish_oil",2003,265.25
22,"fish_oil",2004,227.25
22,"fish_oil",2005,227
22,"fish_oil",2006,277.75
22,"fish_oil",2007,274.25
22,"fish_oil",2008,303
22,"fish_oil",2009,441
22,"fish_oil",2010,465.333
22,"fish_oil",2011,570
22,"seaweeds",1994,14
22,"seaweeds",1995,10.5
22,"seaweeds",1996,7.75
22,"seaweeds",1997,8.75
22,"seaweeds",1998,10
22,"seaweeds",1999,20
22,"seaweeds",2000,30.5
22,"seaweeds",2001,34
22,"seaweeds",2002,36.75
22,"seaweeds",2003,32.25
22,"seaweeds",2004,26
22,"seaweeds",2005,31.25
22,"seaweeds",2006,63.75
22,"seaweeds",2007,88.25
22,"seaweeds",2008,140.75
22,"seaweeds",2009,228.5
22,"seaweeds",2010,250.667
22,"seaweeds",2011,316
23,"fish_oil",1992,5.66667
23,"fish_oil",1993,8
23,"fish_oil",1994,9.75
23,"fish_oil",1995,7.75
23,"fish_oil",1996,7.25
23,"fish_oil",1997,4
23,"fish_oil",1998,5.5
23,"fish_oil",1999,7.75
23,"fish_oil",2000,13.25
23,"fish_oil",2001,17
23,"fish_oil",2002,14
23,"fish_oil",2003,16.25
23,"fish_oil",2004,20
23,"fish_oil",2005,58.25
23,"fish_oil",2006,76.75
23,"fish_oil",2007,80
23,"fish_oil",2008,81.25
23,"fish_oil",2009,47.25
23,"fish_oil",2010,37.3333
23,"fish_oil",2011,39
23,"seaweeds",1998,640.667
23,"seaweeds",1999,770.5
23,"seaweeds",2000,802
23,"seaweeds",2001,777.75
23,"seaweeds",2002,641.5
23,"seaweeds",2003,461.5
23,"seaweeds",2004,416
23,"seaweeds",2005,474.25
23,"seaweeds",2006,581.5
23,"seaweeds",2007,483.5
23,"seaweeds",2008,421.75
23,"seaweeds",2009,284.75
23,"seaweeds",2010,183
23,"seaweeds",2011,250.5
24,"fish_oil",1992,5.66667
24,"fish_oil",1993,8
24,"fish_oil",1994,9.75
24,"fish_oil",1995,7.75
24,"fish_oil",1996,7.25
24,"fish_oil",1997,4
24,"fish_oil",1998,5.5
24,"fish_oil",1999,7.75
24,"fish_oil",2000,13.25
24,"fish_oil",2001,17
24,"fish_oil",2002,14
24,"fish_oil",2003,16.25
24,"fish_oil",2004,20
24,"fish_oil",2005,58.25
24,"fish_oil",2006,76.75
24,"fish_oil",2007,80
24,"fish_oil",2008,81.25
24,"fish_oil",2009,47.25
24,"fish_oil",2010,37.3333
24,"fish_oil",2011,39
24,"seaweeds",1998,640.667
24,"seaweeds",1999,770.5
24,"seaweeds",2000,802
24,"seaweeds",2001,777.75
24,"seaweeds",2002,641.5
24,"seaweeds",2003,461.5
24,"seaweeds",2004,416
24,"seaweeds",2005,474.25
24,"seaweeds",2006,581.5
24,"seaweeds",2007,483.5
24,"seaweeds",2008,421.75
24,"seaweeds",2009,284.75
24,"seaweeds",2010,183
24,"seaweeds",2011,250.5
25,"fish_oil",1992,5.66667
25,"fish_oil",1993,8
25,"fish_oil",1994,9.75
25,"fish_oil",1995,7.75
25,"fish_oil",1996,7.25
25,"fish_oil",1997,4
25,"fish_oil",1998,5.5
25,"fish_oil",1999,7.75
25,"fish_oil",2000,13.25
25,"fish_oil",2001,17
25,"fish_oil",2002,14
25,"fish_oil",2003,16.25
25,"fish_oil",2004,20
25,"fish_oil",2005,58.25
25,"fish_oil",2006,76.75
25,"fish_oil",2007,80
25,"fish_oil",2008,81.25
25,"fish_oil",2009,47.25
25,"fish_oil",2010,37.3333
25,"fish_oil",2011,39
25,"seaweeds",1998,640.667
25,"seaweeds",1999,770.5
25,"seaweeds",2000,802
25,"seaweeds",2001,777.75
25,"seaweeds",2002,641.5
25,"seaweeds",2003,461.5
25,"seaweeds",2004,416
25,"seaweeds",2005,474.25
25,"seaweeds",2006,581.5
25,"seaweeds",2007,483.5
25,"seaweeds",2008,421.75
25,"seaweeds",2009,284.75
25,"seaweeds",2010,183
25,"seaweeds",2011,250.5
