"rgn_id","product","year","tonnes"
1,"fish_oil",1976,3408.67
1,"fish_oil",1977,3459.25
1,"fish_oil",1978,3320.25
1,"fish_oil",1979,3600.5
1,"fish_oil",1980,4198.75
1,"fish_oil",1981,3997
1,"fish_oil",1982,3924
1,"fish_oil",1983,3528.75
1,"fish_oil",1984,2961.25
1,"fish_oil",1985,3004.25
1,"fish_oil",1986,3025
1,"fish_oil",1987,3384.5
1,"fish_oil",1988,4020.5
1,"fish_oil",1989,4747.5
1,"fish_oil",1990,5057.75
1,"fish_oil",1991,5923.25
1,"fish_oil",1992,7567.25
1,"fish_oil",1993,7934.5
1,"fish_oil",1994,8236.5
1,"fish_oil",1995,7803.75
1,"fish_oil",1996,6782.5
1,"fish_oil",1997,7367.25
1,"fish_oil",1998,7327.5
1,"fish_oil",1999,7197.5
1,"fish_oil",2000,6660.5
1,"fish_oil",2001,5569.75
1,"fish_oil",2002,5523
1,"fish_oil",2003,5284
1,"fish_oil",2004,4237.5
1,"fish_oil",2005,3363.25
1,"fish_oil",2006,2215.25
1,"fish_oil",2007,1772.75
1,"fish_oil",2008,1922.5
1,"fish_oil",2009,2187.75
1,"fish_oil",2010,2323.67
1,"fish_oil",2011,2313
1,"ornamentals",1976,10
1,"ornamentals",1977,9.25
1,"ornamentals",1978,10.25
1,"ornamentals",1979,14.5
1,"ornamentals",1980,15.5
1,"ornamentals",1981,21.75
1,"ornamentals",1982,31
1,"ornamentals",1983,37.25
1,"ornamentals",1984,47
1,"ornamentals",1985,50.25
1,"ornamentals",1986,44.25
1,"ornamentals",1987,37.75
1,"ornamentals",1988,29.25
1,"ornamentals",1989,22.25
1,"ornamentals",1990,19.25
1,"ornamentals",1991,16.75
1,"ornamentals",1992,15.75
1,"ornamentals",1993,11.5
1,"ornamentals",1994,7.75
1,"ornamentals",1995,4
1,"ornamentals",1996,0
1,"ornamentals",1997,0
1,"ornamentals",1998,0.5
1,"ornamentals",1999,0.5
1,"ornamentals",2000,58.5
1,"ornamentals",2001,71
1,"ornamentals",2002,70.5
1,"ornamentals",2003,70.5
1,"ornamentals",2004,12.75
1,"ornamentals",2005,0.25
1,"ornamentals",2006,0.25
1,"ornamentals",2007,0.5
1,"ornamentals",2008,1.5
1,"ornamentals",2009,2.75
1,"ornamentals",2010,3.66667
1,"ornamentals",2011,5
1,"seaweeds",1994,50.6667
1,"seaweeds",1995,42
1,"seaweeds",1996,17.5
1,"seaweeds",1997,13
1,"seaweeds",1998,14
1,"seaweeds",1999,13.75
1,"seaweeds",2000,11
1,"seaweeds",2001,8.25
1,"seaweeds",2002,12
1,"seaweeds",2003,9.25
1,"seaweeds",2004,8.75
1,"seaweeds",2005,12
1,"seaweeds",2006,6.25
1,"seaweeds",2007,9.5
1,"seaweeds",2008,13
1,"seaweeds",2009,13
1,"seaweeds",2010,15.6667
1,"seaweeds",2011,15
1,"shells",1995,11
1,"shells",1996,8.25
1,"shells",1997,9.25
1,"shells",1998,18
1,"shells",1999,45.75
1,"shells",2000,82.5
1,"shells",2001,97.75
1,"shells",2002,92.25
1,"shells",2003,200
1,"shells",2004,183.25
1,"shells",2005,221.75
1,"shells",2006,308
1,"shells",2007,219.5
1,"shells",2008,216
1,"shells",2009,154
1,"shells",2010,86
1,"shells",2011,34
1,"sponges",1994,0.666667
1,"sponges",1995,0.75
1,"sponges",1996,0.25
1,"sponges",1997,0.5
1,"sponges",1998,0.5
1,"sponges",1999,0.25
1,"sponges",2000,0.5
1,"sponges",2001,0.25
1,"sponges",2002,0.25
1,"sponges",2003,0.25
1,"sponges",2004,0.25
1,"sponges",2005,0.25
1,"sponges",2006,0.5
1,"sponges",2007,27.5
1,"sponges",2008,44.25
1,"sponges",2009,63.75
1,"sponges",2010,84.6667
1,"sponges",2011,73
2,"fish_oil",1976,3408.67
2,"fish_oil",1977,3459.25
2,"fish_oil",1978,3320.25
2,"fish_oil",1979,3600.5
2,"fish_oil",1980,4198.75
2,"fish_oil",1981,3997
2,"fish_oil",1982,3924
2,"fish_oil",1983,3528.75
2,"fish_oil",1984,2961.25
2,"fish_oil",1985,3004.25
2,"fish_oil",1986,3025
2,"fish_oil",1987,3384.5
2,"fish_oil",1988,4020.5
2,"fish_oil",1989,4747.5
2,"fish_oil",1990,5057.75
2,"fish_oil",1991,5923.25
2,"fish_oil",1992,7567.25
2,"fish_oil",1993,7934.5
2,"fish_oil",1994,8236.5
2,"fish_oil",1995,7803.75
2,"fish_oil",1996,6782.5
2,"fish_oil",1997,7367.25
2,"fish_oil",1998,7327.5
2,"fish_oil",1999,7197.5
2,"fish_oil",2000,6660.5
2,"fish_oil",2001,5569.75
2,"fish_oil",2002,5523
2,"fish_oil",2003,5284
2,"fish_oil",2004,4237.5
2,"fish_oil",2005,3363.25
2,"fish_oil",2006,2215.25
2,"fish_oil",2007,1772.75
2,"fish_oil",2008,1922.5
2,"fish_oil",2009,2187.75
2,"fish_oil",2010,2323.67
2,"fish_oil",2011,2313
2,"ornamentals",1976,10
2,"ornamentals",1977,9.25
2,"ornamentals",1978,10.25
2,"ornamentals",1979,14.5
2,"ornamentals",1980,15.5
2,"ornamentals",1981,21.75
2,"ornamentals",1982,31
2,"ornamentals",1983,37.25
2,"ornamentals",1984,47
2,"ornamentals",1985,50.25
2,"ornamentals",1986,44.25
2,"ornamentals",1987,37.75
2,"ornamentals",1988,29.25
2,"ornamentals",1989,22.25
2,"ornamentals",1990,19.25
2,"ornamentals",1991,16.75
2,"ornamentals",1992,15.75
2,"ornamentals",1993,11.5
2,"ornamentals",1994,7.75
2,"ornamentals",1995,4
2,"ornamentals",1996,0
2,"ornamentals",1997,0
2,"ornamentals",1998,0.5
2,"ornamentals",1999,0.5
2,"ornamentals",2000,58.5
2,"ornamentals",2001,71
2,"ornamentals",2002,70.5
2,"ornamentals",2003,70.5
2,"ornamentals",2004,12.75
2,"ornamentals",2005,0.25
2,"ornamentals",2006,0.25
2,"ornamentals",2007,0.5
2,"ornamentals",2008,1.5
2,"ornamentals",2009,2.75
2,"ornamentals",2010,3.66667
2,"ornamentals",2011,5
2,"seaweeds",1994,50.6667
2,"seaweeds",1995,42
2,"seaweeds",1996,17.5
2,"seaweeds",1997,13
2,"seaweeds",1998,14
2,"seaweeds",1999,13.75
2,"seaweeds",2000,11
2,"seaweeds",2001,8.25
2,"seaweeds",2002,12
2,"seaweeds",2003,9.25
2,"seaweeds",2004,8.75
2,"seaweeds",2005,12
2,"seaweeds",2006,6.25
2,"seaweeds",2007,9.5
2,"seaweeds",2008,13
2,"seaweeds",2009,13
2,"seaweeds",2010,15.6667
2,"seaweeds",2011,15
2,"shells",1995,11
2,"shells",1996,8.25
2,"shells",1997,9.25
2,"shells",1998,18
2,"shells",1999,45.75
2,"shells",2000,82.5
2,"shells",2001,97.75
2,"shells",2002,92.25
2,"shells",2003,200
2,"shells",2004,183.25
2,"shells",2005,221.75
2,"shells",2006,308
2,"shells",2007,219.5
2,"shells",2008,216
2,"shells",2009,154
2,"shells",2010,86
2,"shells",2011,34
2,"sponges",1994,0.666667
2,"sponges",1995,0.75
2,"sponges",1996,0.25
2,"sponges",1997,0.5
2,"sponges",1998,0.5
2,"sponges",1999,0.25
2,"sponges",2000,0.5
2,"sponges",2001,0.25
2,"sponges",2002,0.25
2,"sponges",2003,0.25
2,"sponges",2004,0.25
2,"sponges",2005,0.25
2,"sponges",2006,0.5
2,"sponges",2007,27.5
2,"sponges",2008,44.25
2,"sponges",2009,63.75
2,"sponges",2010,84.6667
2,"sponges",2011,73
3,"fish_oil",1976,3408.67
3,"fish_oil",1977,3459.25
3,"fish_oil",1978,3320.25
3,"fish_oil",1979,3600.5
3,"fish_oil",1980,4198.75
3,"fish_oil",1981,3997
3,"fish_oil",1982,3924
3,"fish_oil",1983,3528.75
3,"fish_oil",1984,2961.25
3,"fish_oil",1985,3004.25
3,"fish_oil",1986,3025
3,"fish_oil",1987,3384.5
3,"fish_oil",1988,4020.5
3,"fish_oil",1989,4747.5
3,"fish_oil",1990,5057.75
3,"fish_oil",1991,5923.25
3,"fish_oil",1992,7567.25
3,"fish_oil",1993,7934.5
3,"fish_oil",1994,8236.5
3,"fish_oil",1995,7803.75
3,"fish_oil",1996,6782.5
3,"fish_oil",1997,7367.25
3,"fish_oil",1998,7327.5
3,"fish_oil",1999,7197.5
3,"fish_oil",2000,6660.5
3,"fish_oil",2001,5569.75
3,"fish_oil",2002,5523
3,"fish_oil",2003,5284
3,"fish_oil",2004,4237.5
3,"fish_oil",2005,3363.25
3,"fish_oil",2006,2215.25
3,"fish_oil",2007,1772.75
3,"fish_oil",2008,1922.5
3,"fish_oil",2009,2187.75
3,"fish_oil",2010,2323.67
3,"fish_oil",2011,2313
3,"ornamentals",1976,10
3,"ornamentals",1977,9.25
3,"ornamentals",1978,10.25
3,"ornamentals",1979,14.5
3,"ornamentals",1980,15.5
3,"ornamentals",1981,21.75
3,"ornamentals",1982,31
3,"ornamentals",1983,37.25
3,"ornamentals",1984,47
3,"ornamentals",1985,50.25
3,"ornamentals",1986,44.25
3,"ornamentals",1987,37.75
3,"ornamentals",1988,29.25
3,"ornamentals",1989,22.25
3,"ornamentals",1990,19.25
3,"ornamentals",1991,16.75
3,"ornamentals",1992,15.75
3,"ornamentals",1993,11.5
3,"ornamentals",1994,7.75
3,"ornamentals",1995,4
3,"ornamentals",1996,0
3,"ornamentals",1997,0
3,"ornamentals",1998,0.5
3,"ornamentals",1999,0.5
3,"ornamentals",2000,58.5
3,"ornamentals",2001,71
3,"ornamentals",2002,70.5
3,"ornamentals",2003,70.5
3,"ornamentals",2004,12.75
3,"ornamentals",2005,0.25
3,"ornamentals",2006,0.25
3,"ornamentals",2007,0.5
3,"ornamentals",2008,1.5
3,"ornamentals",2009,2.75
3,"ornamentals",2010,3.66667
3,"ornamentals",2011,5
3,"seaweeds",1994,50.6667
3,"seaweeds",1995,42
3,"seaweeds",1996,17.5
3,"seaweeds",1997,13
3,"seaweeds",1998,14
3,"seaweeds",1999,13.75
3,"seaweeds",2000,11
3,"seaweeds",2001,8.25
3,"seaweeds",2002,12
3,"seaweeds",2003,9.25
3,"seaweeds",2004,8.75
3,"seaweeds",2005,12
3,"seaweeds",2006,6.25
3,"seaweeds",2007,9.5
3,"seaweeds",2008,13
3,"seaweeds",2009,13
3,"seaweeds",2010,15.6667
3,"seaweeds",2011,15
3,"shells",1995,11
3,"shells",1996,8.25
3,"shells",1997,9.25
3,"shells",1998,18
3,"shells",1999,45.75
3,"shells",2000,82.5
3,"shells",2001,97.75
3,"shells",2002,92.25
3,"shells",2003,200
3,"shells",2004,183.25
3,"shells",2005,221.75
3,"shells",2006,308
3,"shells",2007,219.5
3,"shells",2008,216
3,"shells",2009,154
3,"shells",2010,86
3,"shells",2011,34
3,"sponges",1994,0.666667
3,"sponges",1995,0.75
3,"sponges",1996,0.25
3,"sponges",1997,0.5
3,"sponges",1998,0.5
3,"sponges",1999,0.25
3,"sponges",2000,0.5
3,"sponges",2001,0.25
3,"sponges",2002,0.25
3,"sponges",2003,0.25
3,"sponges",2004,0.25
3,"sponges",2005,0.25
3,"sponges",2006,0.5
3,"sponges",2007,27.5
3,"sponges",2008,44.25
3,"sponges",2009,63.75
3,"sponges",2010,84.6667
3,"sponges",2011,73
4,"fish_oil",1976,3408.67
4,"fish_oil",1977,3459.25
4,"fish_oil",1978,3320.25
4,"fish_oil",1979,3600.5
4,"fish_oil",1980,4198.75
4,"fish_oil",1981,3997
4,"fish_oil",1982,3924
4,"fish_oil",1983,3528.75
4,"fish_oil",1984,2961.25
4,"fish_oil",1985,3004.25
4,"fish_oil",1986,3025
4,"fish_oil",1987,3384.5
4,"fish_oil",1988,4020.5
4,"fish_oil",1989,4747.5
4,"fish_oil",1990,5057.75
4,"fish_oil",1991,5923.25
4,"fish_oil",1992,7567.25
4,"fish_oil",1993,7934.5
4,"fish_oil",1994,8236.5
4,"fish_oil",1995,7803.75
4,"fish_oil",1996,6782.5
4,"fish_oil",1997,7367.25
4,"fish_oil",1998,7327.5
4,"fish_oil",1999,7197.5
4,"fish_oil",2000,6660.5
4,"fish_oil",2001,5569.75
4,"fish_oil",2002,5523
4,"fish_oil",2003,5284
4,"fish_oil",2004,4237.5
4,"fish_oil",2005,3363.25
4,"fish_oil",2006,2215.25
4,"fish_oil",2007,1772.75
4,"fish_oil",2008,1922.5
4,"fish_oil",2009,2187.75
4,"fish_oil",2010,2323.67
4,"fish_oil",2011,2313
4,"ornamentals",1976,10
4,"ornamentals",1977,9.25
4,"ornamentals",1978,10.25
4,"ornamentals",1979,14.5
4,"ornamentals",1980,15.5
4,"ornamentals",1981,21.75
4,"ornamentals",1982,31
4,"ornamentals",1983,37.25
4,"ornamentals",1984,47
4,"ornamentals",1985,50.25
4,"ornamentals",1986,44.25
4,"ornamentals",1987,37.75
4,"ornamentals",1988,29.25
4,"ornamentals",1989,22.25
4,"ornamentals",1990,19.25
4,"ornamentals",1991,16.75
4,"ornamentals",1992,15.75
4,"ornamentals",1993,11.5
4,"ornamentals",1994,7.75
4,"ornamentals",1995,4
4,"ornamentals",1996,0
4,"ornamentals",1997,0
4,"ornamentals",1998,0.5
4,"ornamentals",1999,0.5
4,"ornamentals",2000,58.5
4,"ornamentals",2001,71
4,"ornamentals",2002,70.5
4,"ornamentals",2003,70.5
4,"ornamentals",2004,12.75
4,"ornamentals",2005,0.25
4,"ornamentals",2006,0.25
4,"ornamentals",2007,0.5
4,"ornamentals",2008,1.5
4,"ornamentals",2009,2.75
4,"ornamentals",2010,3.66667
4,"ornamentals",2011,5
4,"seaweeds",1994,50.6667
4,"seaweeds",1995,42
4,"seaweeds",1996,17.5
4,"seaweeds",1997,13
4,"seaweeds",1998,14
4,"seaweeds",1999,13.75
4,"seaweeds",2000,11
4,"seaweeds",2001,8.25
4,"seaweeds",2002,12
4,"seaweeds",2003,9.25
4,"seaweeds",2004,8.75
4,"seaweeds",2005,12
4,"seaweeds",2006,6.25
4,"seaweeds",2007,9.5
4,"seaweeds",2008,13
4,"seaweeds",2009,13
4,"seaweeds",2010,15.6667
4,"seaweeds",2011,15
4,"shells",1995,11
4,"shells",1996,8.25
4,"shells",1997,9.25
4,"shells",1998,18
4,"shells",1999,45.75
4,"shells",2000,82.5
4,"shells",2001,97.75
4,"shells",2002,92.25
4,"shells",2003,200
4,"shells",2004,183.25
4,"shells",2005,221.75
4,"shells",2006,308
4,"shells",2007,219.5
4,"shells",2008,216
4,"shells",2009,154
4,"shells",2010,86
4,"shells",2011,34
4,"sponges",1994,0.666667
4,"sponges",1995,0.75
4,"sponges",1996,0.25
4,"sponges",1997,0.5
4,"sponges",1998,0.5
4,"sponges",1999,0.25
4,"sponges",2000,0.5
4,"sponges",2001,0.25
4,"sponges",2002,0.25
4,"sponges",2003,0.25
4,"sponges",2004,0.25
4,"sponges",2005,0.25
4,"sponges",2006,0.5
4,"sponges",2007,27.5
4,"sponges",2008,44.25
4,"sponges",2009,63.75
4,"sponges",2010,84.6667
4,"sponges",2011,73
5,"fish_oil",1976,3408.67
5,"fish_oil",1977,3459.25
5,"fish_oil",1978,3320.25
5,"fish_oil",1979,3600.5
5,"fish_oil",1980,4198.75
5,"fish_oil",1981,3997
5,"fish_oil",1982,3924
5,"fish_oil",1983,3528.75
5,"fish_oil",1984,2961.25
5,"fish_oil",1985,3004.25
5,"fish_oil",1986,3025
5,"fish_oil",1987,3384.5
5,"fish_oil",1988,4020.5
5,"fish_oil",1989,4747.5
5,"fish_oil",1990,5057.75
5,"fish_oil",1991,5923.25
5,"fish_oil",1992,7567.25
5,"fish_oil",1993,7934.5
5,"fish_oil",1994,8236.5
5,"fish_oil",1995,7803.75
5,"fish_oil",1996,6782.5
5,"fish_oil",1997,7367.25
5,"fish_oil",1998,7327.5
5,"fish_oil",1999,7197.5
5,"fish_oil",2000,6660.5
5,"fish_oil",2001,5569.75
5,"fish_oil",2002,5523
5,"fish_oil",2003,5284
5,"fish_oil",2004,4237.5
5,"fish_oil",2005,3363.25
5,"fish_oil",2006,2215.25
5,"fish_oil",2007,1772.75
5,"fish_oil",2008,1922.5
5,"fish_oil",2009,2187.75
5,"fish_oil",2010,2323.67
5,"fish_oil",2011,2313
5,"ornamentals",1976,10
5,"ornamentals",1977,9.25
5,"ornamentals",1978,10.25
5,"ornamentals",1979,14.5
5,"ornamentals",1980,15.5
5,"ornamentals",1981,21.75
5,"ornamentals",1982,31
5,"ornamentals",1983,37.25
5,"ornamentals",1984,47
5,"ornamentals",1985,50.25
5,"ornamentals",1986,44.25
5,"ornamentals",1987,37.75
5,"ornamentals",1988,29.25
5,"ornamentals",1989,22.25
5,"ornamentals",1990,19.25
5,"ornamentals",1991,16.75
5,"ornamentals",1992,15.75
5,"ornamentals",1993,11.5
5,"ornamentals",1994,7.75
5,"ornamentals",1995,4
5,"ornamentals",1996,0
5,"ornamentals",1997,0
5,"ornamentals",1998,0.5
5,"ornamentals",1999,0.5
5,"ornamentals",2000,58.5
5,"ornamentals",2001,71
5,"ornamentals",2002,70.5
5,"ornamentals",2003,70.5
5,"ornamentals",2004,12.75
5,"ornamentals",2005,0.25
5,"ornamentals",2006,0.25
5,"ornamentals",2007,0.5
5,"ornamentals",2008,1.5
5,"ornamentals",2009,2.75
5,"ornamentals",2010,3.66667
5,"ornamentals",2011,5
5,"seaweeds",1994,50.6667
5,"seaweeds",1995,42
5,"seaweeds",1996,17.5
5,"seaweeds",1997,13
5,"seaweeds",1998,14
5,"seaweeds",1999,13.75
5,"seaweeds",2000,11
5,"seaweeds",2001,8.25
5,"seaweeds",2002,12
5,"seaweeds",2003,9.25
5,"seaweeds",2004,8.75
5,"seaweeds",2005,12
5,"seaweeds",2006,6.25
5,"seaweeds",2007,9.5
5,"seaweeds",2008,13
5,"seaweeds",2009,13
5,"seaweeds",2010,15.6667
5,"seaweeds",2011,15
5,"shells",1995,11
5,"shells",1996,8.25
5,"shells",1997,9.25
5,"shells",1998,18
5,"shells",1999,45.75
5,"shells",2000,82.5
5,"shells",2001,97.75
5,"shells",2002,92.25
5,"shells",2003,200
5,"shells",2004,183.25
5,"shells",2005,221.75
5,"shells",2006,308
5,"shells",2007,219.5
5,"shells",2008,216
5,"shells",2009,154
5,"shells",2010,86
5,"shells",2011,34
5,"sponges",1994,0.666667
5,"sponges",1995,0.75
5,"sponges",1996,0.25
5,"sponges",1997,0.5
5,"sponges",1998,0.5
5,"sponges",1999,0.25
5,"sponges",2000,0.5
5,"sponges",2001,0.25
5,"sponges",2002,0.25
5,"sponges",2003,0.25
5,"sponges",2004,0.25
5,"sponges",2005,0.25
5,"sponges",2006,0.5
5,"sponges",2007,27.5
5,"sponges",2008,44.25
5,"sponges",2009,63.75
5,"sponges",2010,84.6667
5,"sponges",2011,73
6,"fish_oil",1983,21.3333
6,"fish_oil",1984,23
6,"fish_oil",1985,7.75
6,"fish_oil",1986,17.5
6,"fish_oil",1987,18
6,"fish_oil",1988,94.5
6,"fish_oil",1989,93.75
6,"fish_oil",1990,84
6,"fish_oil",1991,88.5
6,"fish_oil",1992,6.5
6,"fish_oil",1993,9
6,"fish_oil",1994,9.75
6,"fish_oil",1995,7.25
6,"fish_oil",1996,6
6,"fish_oil",1997,4.5
6,"fish_oil",1998,4
6,"fish_oil",1999,6.25
6,"fish_oil",2000,6.25
6,"fish_oil",2001,7.25
6,"fish_oil",2002,7.25
6,"fish_oil",2003,4
6,"fish_oil",2004,7.25
6,"fish_oil",2005,53.5
6,"fish_oil",2006,222.75
6,"fish_oil",2007,233
6,"fish_oil",2008,336.25
6,"fish_oil",2009,454.75
6,"fish_oil",2010,380.333
6,"fish_oil",2011,547
6,"seaweeds",1996,9.33333
6,"seaweeds",1997,7.5
6,"seaweeds",1998,5.75
6,"seaweeds",1999,1.5
6,"seaweeds",2000,1
6,"seaweeds",2001,0.75
6,"seaweeds",2002,0.25
6,"seaweeds",2003,0.25
6,"seaweeds",2004,0.5
6,"seaweeds",2005,3
6,"seaweeds",2006,5.5
6,"seaweeds",2007,8.5
6,"seaweeds",2008,11.25
6,"seaweeds",2009,9
6,"seaweeds",2010,8.66667
6,"seaweeds",2011,7
7,"fish_oil",1983,21.3333
7,"fish_oil",1984,23
7,"fish_oil",1985,7.75
7,"fish_oil",1986,17.5
7,"fish_oil",1987,18
7,"fish_oil",1988,94.5
7,"fish_oil",1989,93.75
7,"fish_oil",1990,84
7,"fish_oil",1991,88.5
7,"fish_oil",1992,6.5
7,"fish_oil",1993,9
7,"fish_oil",1994,9.75
7,"fish_oil",1995,7.25
7,"fish_oil",1996,6
7,"fish_oil",1997,4.5
7,"fish_oil",1998,4
7,"fish_oil",1999,6.25
7,"fish_oil",2000,6.25
7,"fish_oil",2001,7.25
7,"fish_oil",2002,7.25
7,"fish_oil",2003,4
7,"fish_oil",2004,7.25
7,"fish_oil",2005,53.5
7,"fish_oil",2006,222.75
7,"fish_oil",2007,233
7,"fish_oil",2008,336.25
7,"fish_oil",2009,454.75
7,"fish_oil",2010,380.333
7,"fish_oil",2011,547
7,"seaweeds",1996,9.33333
7,"seaweeds",1997,7.5
7,"seaweeds",1998,5.75
7,"seaweeds",1999,1.5
7,"seaweeds",2000,1
7,"seaweeds",2001,0.75
7,"seaweeds",2002,0.25
7,"seaweeds",2003,0.25
7,"seaweeds",2004,0.5
7,"seaweeds",2005,3
7,"seaweeds",2006,5.5
7,"seaweeds",2007,8.5
7,"seaweeds",2008,11.25
7,"seaweeds",2009,9
7,"seaweeds",2010,8.66667
7,"seaweeds",2011,7
8,"fish_oil",1983,21.3333
8,"fish_oil",1984,23
8,"fish_oil",1985,7.75
8,"fish_oil",1986,17.5
8,"fish_oil",1987,18
8,"fish_oil",1988,94.5
8,"fish_oil",1989,93.75
8,"fish_oil",1990,84
8,"fish_oil",1991,88.5
8,"fish_oil",1992,6.5
8,"fish_oil",1993,9
8,"fish_oil",1994,9.75
8,"fish_oil",1995,7.25
8,"fish_oil",1996,6
8,"fish_oil",1997,4.5
8,"fish_oil",1998,4
8,"fish_oil",1999,6.25
8,"fish_oil",2000,6.25
8,"fish_oil",2001,7.25
8,"fish_oil",2002,7.25
8,"fish_oil",2003,4
8,"fish_oil",2004,7.25
8,"fish_oil",2005,53.5
8,"fish_oil",2006,222.75
8,"fish_oil",2007,233
8,"fish_oil",2008,336.25
8,"fish_oil",2009,454.75
8,"fish_oil",2010,380.333
8,"fish_oil",2011,547
8,"seaweeds",1996,9.33333
8,"seaweeds",1997,7.5
8,"seaweeds",1998,5.75
8,"seaweeds",1999,1.5
8,"seaweeds",2000,1
8,"seaweeds",2001,0.75
8,"seaweeds",2002,0.25
8,"seaweeds",2003,0.25
8,"seaweeds",2004,0.5
8,"seaweeds",2005,3
8,"seaweeds",2006,5.5
8,"seaweeds",2007,8.5
8,"seaweeds",2008,11.25
8,"seaweeds",2009,9
8,"seaweeds",2010,8.66667
8,"seaweeds",2011,7
9,"fish_oil",1983,21.3333
9,"fish_oil",1984,23
9,"fish_oil",1985,7.75
9,"fish_oil",1986,17.5
9,"fish_oil",1987,18
9,"fish_oil",1988,94.5
9,"fish_oil",1989,93.75
9,"fish_oil",1990,84
9,"fish_oil",1991,88.5
9,"fish_oil",1992,6.5
9,"fish_oil",1993,9
9,"fish_oil",1994,9.75
9,"fish_oil",1995,7.25
9,"fish_oil",1996,6
9,"fish_oil",1997,4.5
9,"fish_oil",1998,4
9,"fish_oil",1999,6.25
9,"fish_oil",2000,6.25
9,"fish_oil",2001,7.25
9,"fish_oil",2002,7.25
9,"fish_oil",2003,4
9,"fish_oil",2004,7.25
9,"fish_oil",2005,53.5
9,"fish_oil",2006,222.75
9,"fish_oil",2007,233
9,"fish_oil",2008,336.25
9,"fish_oil",2009,454.75
9,"fish_oil",2010,380.333
9,"fish_oil",2011,547
9,"seaweeds",1996,9.33333
9,"seaweeds",1997,7.5
9,"seaweeds",1998,5.75
9,"seaweeds",1999,1.5
9,"seaweeds",2000,1
9,"seaweeds",2001,0.75
9,"seaweeds",2002,0.25
9,"seaweeds",2003,0.25
9,"seaweeds",2004,0.5
9,"seaweeds",2005,3
9,"seaweeds",2006,5.5
9,"seaweeds",2007,8.5
9,"seaweeds",2008,11.25
9,"seaweeds",2009,9
9,"seaweeds",2010,8.66667
9,"seaweeds",2011,7
10,NA,NA,NA
11,"fish_oil",1976,75397
11,"fish_oil",1977,72713.2
11,"fish_oil",1978,77509.5
11,"fish_oil",1979,81104.8
11,"fish_oil",1980,82041.8
11,"fish_oil",1981,82934.8
11,"fish_oil",1982,72764.2
11,"fish_oil",1983,65818.8
11,"fish_oil",1984,63972.8
11,"fish_oil",1985,56825.5
11,"fish_oil",1986,52763.2
11,"fish_oil",1987,44212.2
11,"fish_oil",1988,38365.8
11,"fish_oil",1989,48052
11,"fish_oil",1990,59638.5
11,"fish_oil",1991,71636
11,"fish_oil",1992,86154.8
11,"fish_oil",1993,101704
11,"fish_oil",1994,105129
11,"fish_oil",1995,112442
11,"fish_oil",1996,107111
11,"fish_oil",1997,95537.8
11,"fish_oil",1998,96979
11,"fish_oil",1999,94902.8
11,"fish_oil",2000,96403.2
11,"fish_oil",2001,98449.5
11,"fish_oil",2002,98193.2
11,"fish_oil",2003,100368
11,"fish_oil",2004,109866
11,"fish_oil",2005,116138
11,"fish_oil",2006,118004
11,"fish_oil",2007,134203
11,"fish_oil",2008,144134
11,"fish_oil",2009,154336
11,"fish_oil",2010,165729
11,"fish_oil",2011,163951
11,"ornamentals",1988,9
11,"ornamentals",1989,17
11,"ornamentals",1990,15.5
11,"ornamentals",1991,16.5
11,"ornamentals",1992,15.5
11,"ornamentals",1993,44.25
11,"ornamentals",1994,41
11,"ornamentals",1995,40
11,"ornamentals",1996,41.5
11,"ornamentals",1997,3.25
11,"ornamentals",1998,3.5
11,"ornamentals",1999,4.5
11,"ornamentals",2000,2.25
11,"ornamentals",2001,1.75
11,"ornamentals",2002,1.5
11,"ornamentals",2003,0.5
11,"ornamentals",2004,0.5
11,"ornamentals",2005,0.25
11,"ornamentals",2006,0.25
11,"ornamentals",2007,0.25
11,"ornamentals",2008,0
11,"ornamentals",2009,0
11,"ornamentals",2010,0
11,"ornamentals",2011,0
11,"seaweeds",1983,8.66667
11,"seaweeds",1984,8.5
11,"seaweeds",1985,11.75
11,"seaweeds",1986,16.25
11,"seaweeds",1987,19.5
11,"seaweeds",1988,17.5
11,"seaweeds",1989,11.25
11,"seaweeds",1990,5
11,"seaweeds",1991,0
11,"seaweeds",1992,2
11,"seaweeds",1993,17.75
11,"seaweeds",1994,48
11,"seaweeds",1995,93.25
11,"seaweeds",1996,117
11,"seaweeds",1997,132
11,"seaweeds",1998,138.5
11,"seaweeds",1999,175.5
11,"seaweeds",2000,163
11,"seaweeds",2001,161
11,"seaweeds",2002,187.5
11,"seaweeds",2003,262.25
11,"seaweeds",2004,304.25
11,"seaweeds",2005,327
11,"seaweeds",2006,315.75
11,"seaweeds",2007,226.5
11,"seaweeds",2008,266
11,"seaweeds",2009,335.5
11,"seaweeds",2010,378
11,"seaweeds",2011,431.5
11,"shells",1976,37017.3
11,"shells",1977,36201.5
11,"shells",1978,35072.8
11,"shells",1979,34070.2
11,"shells",1980,32920.5
11,"shells",1981,31917.5
11,"shells",1982,31412.2
11,"shells",1983,31296.8
11,"shells",1984,31843.8
11,"shells",1985,33920.2
11,"shells",1986,35558.2
11,"shells",1987,36832.5
11,"shells",1988,28036.8
11,"shells",1989,18524.8
11,"shells",1990,9619.5
11,"shells",1991,0
11,"shells",1992,7831.75
11,"shells",1993,13749
11,"shells",1994,21350.2
11,"shells",1995,31753.8
11,"shells",1996,29138.8
11,"shells",1997,24410.2
11,"shells",1998,19252.2
11,"shells",1999,14001.5
11,"shells",2000,15170.8
11,"shells",2001,19873
11,"shells",2002,18572.8
11,"shells",2003,14145
11,"shells",2004,8090.75
11,"shells",2005,2477
11,"shells",2006,1793.5
11,"shells",2007,1472
11,"shells",2008,1553.25
11,"shells",2009,1696.25
11,"shells",2010,1649
11,"shells",2011,1666.5
11,"sponges",1988,0.333333
11,"sponges",1989,0.25
11,"sponges",1990,0
11,"sponges",1991,0
11,"sponges",1992,0.5
11,"sponges",1993,13.75
11,"sponges",1994,13.75
11,"sponges",1995,13.75
11,"sponges",1996,13.25
11,"sponges",1997,0
11,"sponges",1998,0
11,"sponges",1999,0
11,"sponges",2000,0
11,"sponges",2001,0
11,"sponges",2002,0
11,"sponges",2003,0
11,"sponges",2004,0
11,"sponges",2005,2.5
11,"sponges",2006,8.75
11,"sponges",2007,9.75
11,"sponges",2008,9.75
11,"sponges",2009,12.5
11,"sponges",2010,8.33333
11,"sponges",2011,10.5
12,"fish_oil",1976,75397
12,"fish_oil",1977,72713.2
12,"fish_oil",1978,77509.5
12,"fish_oil",1979,81104.8
12,"fish_oil",1980,82041.8
12,"fish_oil",1981,82934.8
12,"fish_oil",1982,72764.2
12,"fish_oil",1983,65818.8
12,"fish_oil",1984,63972.8
12,"fish_oil",1985,56825.5
12,"fish_oil",1986,52763.2
12,"fish_oil",1987,44212.2
12,"fish_oil",1988,38365.8
12,"fish_oil",1989,48052
12,"fish_oil",1990,59638.5
12,"fish_oil",1991,71636
12,"fish_oil",1992,86154.8
12,"fish_oil",1993,101704
12,"fish_oil",1994,105129
12,"fish_oil",1995,112442
12,"fish_oil",1996,107111
12,"fish_oil",1997,95537.8
12,"fish_oil",1998,96979
12,"fish_oil",1999,94902.8
12,"fish_oil",2000,96403.2
12,"fish_oil",2001,98449.5
12,"fish_oil",2002,98193.2
12,"fish_oil",2003,100368
12,"fish_oil",2004,109866
12,"fish_oil",2005,116138
12,"fish_oil",2006,118004
12,"fish_oil",2007,134203
12,"fish_oil",2008,144134
12,"fish_oil",2009,154336
12,"fish_oil",2010,165729
12,"fish_oil",2011,163951
12,"ornamentals",1988,9
12,"ornamentals",1989,17
12,"ornamentals",1990,15.5
12,"ornamentals",1991,16.5
12,"ornamentals",1992,15.5
12,"ornamentals",1993,44.25
12,"ornamentals",1994,41
12,"ornamentals",1995,40
12,"ornamentals",1996,41.5
12,"ornamentals",1997,3.25
12,"ornamentals",1998,3.5
12,"ornamentals",1999,4.5
12,"ornamentals",2000,2.25
12,"ornamentals",2001,1.75
12,"ornamentals",2002,1.5
12,"ornamentals",2003,0.5
12,"ornamentals",2004,0.5
12,"ornamentals",2005,0.25
12,"ornamentals",2006,0.25
12,"ornamentals",2007,0.25
12,"ornamentals",2008,0
12,"ornamentals",2009,0
12,"ornamentals",2010,0
12,"ornamentals",2011,0
12,"seaweeds",1983,8.66667
12,"seaweeds",1984,8.5
12,"seaweeds",1985,11.75
12,"seaweeds",1986,16.25
12,"seaweeds",1987,19.5
12,"seaweeds",1988,17.5
12,"seaweeds",1989,11.25
12,"seaweeds",1990,5
12,"seaweeds",1991,0
12,"seaweeds",1992,2
12,"seaweeds",1993,17.75
12,"seaweeds",1994,48
12,"seaweeds",1995,93.25
12,"seaweeds",1996,117
12,"seaweeds",1997,132
12,"seaweeds",1998,138.5
12,"seaweeds",1999,175.5
12,"seaweeds",2000,163
12,"seaweeds",2001,161
12,"seaweeds",2002,187.5
12,"seaweeds",2003,262.25
12,"seaweeds",2004,304.25
12,"seaweeds",2005,327
12,"seaweeds",2006,315.75
12,"seaweeds",2007,226.5
12,"seaweeds",2008,266
12,"seaweeds",2009,335.5
12,"seaweeds",2010,378
12,"seaweeds",2011,431.5
12,"shells",1976,37017.3
12,"shells",1977,36201.5
12,"shells",1978,35072.8
12,"shells",1979,34070.2
12,"shells",1980,32920.5
12,"shells",1981,31917.5
12,"shells",1982,31412.2
12,"shells",1983,31296.8
12,"shells",1984,31843.8
12,"shells",1985,33920.2
12,"shells",1986,35558.2
12,"shells",1987,36832.5
12,"shells",1988,28036.8
12,"shells",1989,18524.8
12,"shells",1990,9619.5
12,"shells",1991,0
12,"shells",1992,7831.75
12,"shells",1993,13749
12,"shells",1994,21350.2
12,"shells",1995,31753.8
12,"shells",1996,29138.8
12,"shells",1997,24410.2
12,"shells",1998,19252.2
12,"shells",1999,14001.5
12,"shells",2000,15170.8
12,"shells",2001,19873
12,"shells",2002,18572.8
12,"shells",2003,14145
12,"shells",2004,8090.75
12,"shells",2005,2477
12,"shells",2006,1793.5
12,"shells",2007,1472
12,"shells",2008,1553.25
12,"shells",2009,1696.25
12,"shells",2010,1649
12,"shells",2011,1666.5
12,"sponges",1988,0.333333
12,"sponges",1989,0.25
12,"sponges",1990,0
12,"sponges",1991,0
12,"sponges",1992,0.5
12,"sponges",1993,13.75
12,"sponges",1994,13.75
12,"sponges",1995,13.75
12,"sponges",1996,13.25
12,"sponges",1997,0
12,"sponges",1998,0
12,"sponges",1999,0
12,"sponges",2000,0
12,"sponges",2001,0
12,"sponges",2002,0
12,"sponges",2003,0
12,"sponges",2004,0
12,"sponges",2005,2.5
12,"sponges",2006,8.75
12,"sponges",2007,9.75
12,"sponges",2008,9.75
12,"sponges",2009,12.5
12,"sponges",2010,8.33333
12,"sponges",2011,10.5
13,"fish_oil",1976,75397
13,"fish_oil",1977,72713.2
13,"fish_oil",1978,77509.5
13,"fish_oil",1979,81104.8
13,"fish_oil",1980,82041.8
13,"fish_oil",1981,82934.8
13,"fish_oil",1982,72764.2
13,"fish_oil",1983,65818.8
13,"fish_oil",1984,63972.8
13,"fish_oil",1985,56825.5
13,"fish_oil",1986,52763.2
13,"fish_oil",1987,44212.2
13,"fish_oil",1988,38365.8
13,"fish_oil",1989,48052
13,"fish_oil",1990,59638.5
13,"fish_oil",1991,71636
13,"fish_oil",1992,86154.8
13,"fish_oil",1993,101704
13,"fish_oil",1994,105129
13,"fish_oil",1995,112442
13,"fish_oil",1996,107111
13,"fish_oil",1997,95537.8
13,"fish_oil",1998,96979
13,"fish_oil",1999,94902.8
13,"fish_oil",2000,96403.2
13,"fish_oil",2001,98449.5
13,"fish_oil",2002,98193.2
13,"fish_oil",2003,100368
13,"fish_oil",2004,109866
13,"fish_oil",2005,116138
13,"fish_oil",2006,118004
13,"fish_oil",2007,134203
13,"fish_oil",2008,144134
13,"fish_oil",2009,154336
13,"fish_oil",2010,165729
13,"fish_oil",2011,163951
13,"ornamentals",1988,9
13,"ornamentals",1989,17
13,"ornamentals",1990,15.5
13,"ornamentals",1991,16.5
13,"ornamentals",1992,15.5
13,"ornamentals",1993,44.25
13,"ornamentals",1994,41
13,"ornamentals",1995,40
13,"ornamentals",1996,41.5
13,"ornamentals",1997,3.25
13,"ornamentals",1998,3.5
13,"ornamentals",1999,4.5
13,"ornamentals",2000,2.25
13,"ornamentals",2001,1.75
13,"ornamentals",2002,1.5
13,"ornamentals",2003,0.5
13,"ornamentals",2004,0.5
13,"ornamentals",2005,0.25
13,"ornamentals",2006,0.25
13,"ornamentals",2007,0.25
13,"ornamentals",2008,0
13,"ornamentals",2009,0
13,"ornamentals",2010,0
13,"ornamentals",2011,0
13,"seaweeds",1983,8.66667
13,"seaweeds",1984,8.5
13,"seaweeds",1985,11.75
13,"seaweeds",1986,16.25
13,"seaweeds",1987,19.5
13,"seaweeds",1988,17.5
13,"seaweeds",1989,11.25
13,"seaweeds",1990,5
13,"seaweeds",1991,0
13,"seaweeds",1992,2
13,"seaweeds",1993,17.75
13,"seaweeds",1994,48
13,"seaweeds",1995,93.25
13,"seaweeds",1996,117
13,"seaweeds",1997,132
13,"seaweeds",1998,138.5
13,"seaweeds",1999,175.5
13,"seaweeds",2000,163
13,"seaweeds",2001,161
13,"seaweeds",2002,187.5
13,"seaweeds",2003,262.25
13,"seaweeds",2004,304.25
13,"seaweeds",2005,327
13,"seaweeds",2006,315.75
13,"seaweeds",2007,226.5
13,"seaweeds",2008,266
13,"seaweeds",2009,335.5
13,"seaweeds",2010,378
13,"seaweeds",2011,431.5
13,"shells",1976,37017.3
13,"shells",1977,36201.5
13,"shells",1978,35072.8
13,"shells",1979,34070.2
13,"shells",1980,32920.5
13,"shells",1981,31917.5
13,"shells",1982,31412.2
13,"shells",1983,31296.8
13,"shells",1984,31843.8
13,"shells",1985,33920.2
13,"shells",1986,35558.2
13,"shells",1987,36832.5
13,"shells",1988,28036.8
13,"shells",1989,18524.8
13,"shells",1990,9619.5
13,"shells",1991,0
13,"shells",1992,7831.75
13,"shells",1993,13749
13,"shells",1994,21350.2
13,"shells",1995,31753.8
13,"shells",1996,29138.8
13,"shells",1997,24410.2
13,"shells",1998,19252.2
13,"shells",1999,14001.5
13,"shells",2000,15170.8
13,"shells",2001,19873
13,"shells",2002,18572.8
13,"shells",2003,14145
13,"shells",2004,8090.75
13,"shells",2005,2477
13,"shells",2006,1793.5
13,"shells",2007,1472
13,"shells",2008,1553.25
13,"shells",2009,1696.25
13,"shells",2010,1649
13,"shells",2011,1666.5
13,"sponges",1988,0.333333
13,"sponges",1989,0.25
13,"sponges",1990,0
13,"sponges",1991,0
13,"sponges",1992,0.5
13,"sponges",1993,13.75
13,"sponges",1994,13.75
13,"sponges",1995,13.75
13,"sponges",1996,13.25
13,"sponges",1997,0
13,"sponges",1998,0
13,"sponges",1999,0
13,"sponges",2000,0
13,"sponges",2001,0
13,"sponges",2002,0
13,"sponges",2003,0
13,"sponges",2004,0
13,"sponges",2005,2.5
13,"sponges",2006,8.75
13,"sponges",2007,9.75
13,"sponges",2008,9.75
13,"sponges",2009,12.5
13,"sponges",2010,8.33333
13,"sponges",2011,10.5
14,"fish_oil",1976,75397
14,"fish_oil",1977,72713.2
14,"fish_oil",1978,77509.5
14,"fish_oil",1979,81104.8
14,"fish_oil",1980,82041.8
14,"fish_oil",1981,82934.8
14,"fish_oil",1982,72764.2
14,"fish_oil",1983,65818.8
14,"fish_oil",1984,63972.8
14,"fish_oil",1985,56825.5
14,"fish_oil",1986,52763.2
14,"fish_oil",1987,44212.2
14,"fish_oil",1988,38365.8
14,"fish_oil",1989,48052
14,"fish_oil",1990,59638.5
14,"fish_oil",1991,71636
14,"fish_oil",1992,86154.8
14,"fish_oil",1993,101704
14,"fish_oil",1994,105129
14,"fish_oil",1995,112442
14,"fish_oil",1996,107111
14,"fish_oil",1997,95537.8
14,"fish_oil",1998,96979
14,"fish_oil",1999,94902.8
14,"fish_oil",2000,96403.2
14,"fish_oil",2001,98449.5
14,"fish_oil",2002,98193.2
14,"fish_oil",2003,100368
14,"fish_oil",2004,109866
14,"fish_oil",2005,116138
14,"fish_oil",2006,118004
14,"fish_oil",2007,134203
14,"fish_oil",2008,144134
14,"fish_oil",2009,154336
14,"fish_oil",2010,165729
14,"fish_oil",2011,163951
14,"ornamentals",1988,9
14,"ornamentals",1989,17
14,"ornamentals",1990,15.5
14,"ornamentals",1991,16.5
14,"ornamentals",1992,15.5
14,"ornamentals",1993,44.25
14,"ornamentals",1994,41
14,"ornamentals",1995,40
14,"ornamentals",1996,41.5
14,"ornamentals",1997,3.25
14,"ornamentals",1998,3.5
14,"ornamentals",1999,4.5
14,"ornamentals",2000,2.25
14,"ornamentals",2001,1.75
14,"ornamentals",2002,1.5
14,"ornamentals",2003,0.5
14,"ornamentals",2004,0.5
14,"ornamentals",2005,0.25
14,"ornamentals",2006,0.25
14,"ornamentals",2007,0.25
14,"ornamentals",2008,0
14,"ornamentals",2009,0
14,"ornamentals",2010,0
14,"ornamentals",2011,0
14,"seaweeds",1983,8.66667
14,"seaweeds",1984,8.5
14,"seaweeds",1985,11.75
14,"seaweeds",1986,16.25
14,"seaweeds",1987,19.5
14,"seaweeds",1988,17.5
14,"seaweeds",1989,11.25
14,"seaweeds",1990,5
14,"seaweeds",1991,0
14,"seaweeds",1992,2
14,"seaweeds",1993,17.75
14,"seaweeds",1994,48
14,"seaweeds",1995,93.25
14,"seaweeds",1996,117
14,"seaweeds",1997,132
14,"seaweeds",1998,138.5
14,"seaweeds",1999,175.5
14,"seaweeds",2000,163
14,"seaweeds",2001,161
14,"seaweeds",2002,187.5
14,"seaweeds",2003,262.25
14,"seaweeds",2004,304.25
14,"seaweeds",2005,327
14,"seaweeds",2006,315.75
14,"seaweeds",2007,226.5
14,"seaweeds",2008,266
14,"seaweeds",2009,335.5
14,"seaweeds",2010,378
14,"seaweeds",2011,431.5
14,"shells",1976,37017.3
14,"shells",1977,36201.5
14,"shells",1978,35072.8
14,"shells",1979,34070.2
14,"shells",1980,32920.5
14,"shells",1981,31917.5
14,"shells",1982,31412.2
14,"shells",1983,31296.8
14,"shells",1984,31843.8
14,"shells",1985,33920.2
14,"shells",1986,35558.2
14,"shells",1987,36832.5
14,"shells",1988,28036.8
14,"shells",1989,18524.8
14,"shells",1990,9619.5
14,"shells",1991,0
14,"shells",1992,7831.75
14,"shells",1993,13749
14,"shells",1994,21350.2
14,"shells",1995,31753.8
14,"shells",1996,29138.8
14,"shells",1997,24410.2
14,"shells",1998,19252.2
14,"shells",1999,14001.5
14,"shells",2000,15170.8
14,"shells",2001,19873
14,"shells",2002,18572.8
14,"shells",2003,14145
14,"shells",2004,8090.75
14,"shells",2005,2477
14,"shells",2006,1793.5
14,"shells",2007,1472
14,"shells",2008,1553.25
14,"shells",2009,1696.25
14,"shells",2010,1649
14,"shells",2011,1666.5
14,"sponges",1988,0.333333
14,"sponges",1989,0.25
14,"sponges",1990,0
14,"sponges",1991,0
14,"sponges",1992,0.5
14,"sponges",1993,13.75
14,"sponges",1994,13.75
14,"sponges",1995,13.75
14,"sponges",1996,13.25
14,"sponges",1997,0
14,"sponges",1998,0
14,"sponges",1999,0
14,"sponges",2000,0
14,"sponges",2001,0
14,"sponges",2002,0
14,"sponges",2003,0
14,"sponges",2004,0
14,"sponges",2005,2.5
14,"sponges",2006,8.75
14,"sponges",2007,9.75
14,"sponges",2008,9.75
14,"sponges",2009,12.5
14,"sponges",2010,8.33333
14,"sponges",2011,10.5
15,"fish_oil",1976,6034.67
15,"fish_oil",1977,5425
15,"fish_oil",1978,4586.5
15,"fish_oil",1979,4524.75
15,"fish_oil",1980,3995.5
15,"fish_oil",1981,4119.25
15,"fish_oil",1982,4090.75
15,"fish_oil",1983,3459.75
15,"fish_oil",1984,3051
15,"fish_oil",1985,2723.25
15,"fish_oil",1986,3496.25
15,"fish_oil",1987,5801.75
15,"fish_oil",1988,6618.25
15,"fish_oil",1989,7772.75
15,"fish_oil",1990,8335.25
15,"fish_oil",1991,6395
15,"fish_oil",1992,5892.25
15,"fish_oil",1993,8150
15,"fish_oil",1994,7103.5
15,"fish_oil",1995,7025
15,"fish_oil",1996,7550.5
15,"fish_oil",1997,4207.75
15,"fish_oil",1998,3516.25
15,"fish_oil",1999,4245.25
15,"fish_oil",2000,4445
15,"fish_oil",2001,5546.75
15,"fish_oil",2002,7434
15,"fish_oil",2003,7084
15,"fish_oil",2004,7318
15,"fish_oil",2005,7641.25
15,"fish_oil",2006,7734.75
15,"fish_oil",2007,8824.75
15,"fish_oil",2008,9838.25
15,"fish_oil",2009,10352.2
15,"fish_oil",2010,10578.7
15,"fish_oil",2011,11312
15,"ornamentals",1988,3
15,"ornamentals",1989,10.5
15,"ornamentals",1990,11.5
15,"ornamentals",1991,21
15,"ornamentals",1992,23.5
15,"ornamentals",1993,23.75
15,"ornamentals",1994,22.75
15,"ornamentals",1995,14
15,"ornamentals",1996,11.5
15,"ornamentals",1997,9.25
15,"ornamentals",1998,14
15,"ornamentals",1999,14.75
15,"ornamentals",2000,14
15,"ornamentals",2001,8.25
15,"ornamentals",2002,3.75
15,"ornamentals",2003,2.25
15,"ornamentals",2004,2.75
15,"ornamentals",2005,3.5
15,"ornamentals",2006,4
15,"ornamentals",2007,3.75
15,"ornamentals",2008,3.75
15,"ornamentals",2009,3.25
15,"ornamentals",2010,2.66667
15,"ornamentals",2011,3
15,"seaweeds",1976,46
15,"seaweeds",1977,52.5
15,"seaweeds",1978,57
15,"seaweeds",1979,60.75
15,"seaweeds",1980,59.25
15,"seaweeds",1981,61.75
15,"seaweeds",1982,75
15,"seaweeds",1983,80.75
15,"seaweeds",1984,84
15,"seaweeds",1985,91.5
15,"seaweeds",1986,106.25
15,"seaweeds",1987,160.75
15,"seaweeds",1988,155
15,"seaweeds",1989,137
15,"seaweeds",1990,105
15,"seaweeds",1991,49.5
15,"seaweeds",1992,136.75
15,"seaweeds",1993,193.5
15,"seaweeds",1994,283.75
15,"seaweeds",1995,380
15,"seaweeds",1996,389.25
15,"seaweeds",1997,443.5
15,"seaweeds",1998,476.5
15,"seaweeds",1999,491.5
15,"seaweeds",2000,568.75
15,"seaweeds",2001,598
15,"seaweeds",2002,631.25
15,"seaweeds",2003,693.75
15,"seaweeds",2004,705.5
15,"seaweeds",2005,694
15,"seaweeds",2006,754.25
15,"seaweeds",2007,747.5
15,"seaweeds",2008,822.25
15,"seaweeds",2009,909.25
15,"seaweeds",2010,907.667
15,"seaweeds",2011,993
15,"shells",1976,176
15,"shells",1977,183.25
15,"shells",1978,192.25
15,"shells",1979,203.5
15,"shells",1980,241.25
15,"shells",1981,248.5
15,"shells",1982,241.75
15,"shells",1983,231.25
15,"shells",1984,209.25
15,"shells",1985,208.75
15,"shells",1986,195.25
15,"shells",1987,190
15,"shells",1988,199
15,"shells",1989,203.75
15,"shells",1990,268.25
15,"shells",1991,295.25
15,"shells",1992,322
15,"shells",1993,379.25
15,"shells",1994,347.25
15,"shells",1995,317
15,"shells",1996,270.25
15,"shells",1997,198.75
15,"shells",1998,165.25
15,"shells",1999,148.25
15,"shells",2000,194
15,"shells",2001,240
15,"shells",2002,242.25
15,"shells",2003,322.75
15,"shells",2004,385.5
15,"shells",2005,359
15,"shells",2006,447
15,"shells",2007,389.25
15,"shells",2008,366.5
15,"shells",2009,386
15,"shells",2010,339
15,"shells",2011,410.5
15,"sponges",1976,1.66667
15,"sponges",1977,1.75
15,"sponges",1978,2.75
15,"sponges",1979,2.5
15,"sponges",1980,2.25
15,"sponges",1981,2.25
15,"sponges",1982,1.5
15,"sponges",1983,2
15,"sponges",1984,3
15,"sponges",1985,3.25
15,"sponges",1986,4.25
15,"sponges",1987,6.5
15,"sponges",1988,6.5
15,"sponges",1989,6.75
15,"sponges",1990,8
15,"sponges",1991,18.5
15,"sponges",1992,18.75
15,"sponges",1993,18.5
15,"sponges",1994,16
15,"sponges",1995,3.5
15,"sponges",1996,2.25
15,"sponges",1997,2.25
15,"sponges",1998,2.5
15,"sponges",1999,2.25
15,"sponges",2000,3.75
15,"sponges",2001,4
15,"sponges",2002,4.25
15,"sponges",2003,3.75
15,"sponges",2004,6.25
15,"sponges",2005,6
15,"sponges",2006,8.25
15,"sponges",2007,8
15,"sponges",2008,4.5
15,"sponges",2009,6
15,"sponges",2010,4
15,"sponges",2011,6
16,"fish_oil",1976,6034.67
16,"fish_oil",1977,5425
16,"fish_oil",1978,4586.5
16,"fish_oil",1979,4524.75
16,"fish_oil",1980,3995.5
16,"fish_oil",1981,4119.25
16,"fish_oil",1982,4090.75
16,"fish_oil",1983,3459.75
16,"fish_oil",1984,3051
16,"fish_oil",1985,2723.25
16,"fish_oil",1986,3496.25
16,"fish_oil",1987,5801.75
16,"fish_oil",1988,6618.25
16,"fish_oil",1989,7772.75
16,"fish_oil",1990,8335.25
16,"fish_oil",1991,6395
16,"fish_oil",1992,5892.25
16,"fish_oil",1993,8150
16,"fish_oil",1994,7103.5
16,"fish_oil",1995,7025
16,"fish_oil",1996,7550.5
16,"fish_oil",1997,4207.75
16,"fish_oil",1998,3516.25
16,"fish_oil",1999,4245.25
16,"fish_oil",2000,4445
16,"fish_oil",2001,5546.75
16,"fish_oil",2002,7434
16,"fish_oil",2003,7084
16,"fish_oil",2004,7318
16,"fish_oil",2005,7641.25
16,"fish_oil",2006,7734.75
16,"fish_oil",2007,8824.75
16,"fish_oil",2008,9838.25
16,"fish_oil",2009,10352.2
16,"fish_oil",2010,10578.7
16,"fish_oil",2011,11312
16,"ornamentals",1988,3
16,"ornamentals",1989,10.5
16,"ornamentals",1990,11.5
16,"ornamentals",1991,21
16,"ornamentals",1992,23.5
16,"ornamentals",1993,23.75
16,"ornamentals",1994,22.75
16,"ornamentals",1995,14
16,"ornamentals",1996,11.5
16,"ornamentals",1997,9.25
16,"ornamentals",1998,14
16,"ornamentals",1999,14.75
16,"ornamentals",2000,14
16,"ornamentals",2001,8.25
16,"ornamentals",2002,3.75
16,"ornamentals",2003,2.25
16,"ornamentals",2004,2.75
16,"ornamentals",2005,3.5
16,"ornamentals",2006,4
16,"ornamentals",2007,3.75
16,"ornamentals",2008,3.75
16,"ornamentals",2009,3.25
16,"ornamentals",2010,2.66667
16,"ornamentals",2011,3
16,"seaweeds",1976,46
16,"seaweeds",1977,52.5
16,"seaweeds",1978,57
16,"seaweeds",1979,60.75
16,"seaweeds",1980,59.25
16,"seaweeds",1981,61.75
16,"seaweeds",1982,75
16,"seaweeds",1983,80.75
16,"seaweeds",1984,84
16,"seaweeds",1985,91.5
16,"seaweeds",1986,106.25
16,"seaweeds",1987,160.75
16,"seaweeds",1988,155
16,"seaweeds",1989,137
16,"seaweeds",1990,105
16,"seaweeds",1991,49.5
16,"seaweeds",1992,136.75
16,"seaweeds",1993,193.5
16,"seaweeds",1994,283.75
16,"seaweeds",1995,380
16,"seaweeds",1996,389.25
16,"seaweeds",1997,443.5
16,"seaweeds",1998,476.5
16,"seaweeds",1999,491.5
16,"seaweeds",2000,568.75
16,"seaweeds",2001,598
16,"seaweeds",2002,631.25
16,"seaweeds",2003,693.75
16,"seaweeds",2004,705.5
16,"seaweeds",2005,694
16,"seaweeds",2006,754.25
16,"seaweeds",2007,747.5
16,"seaweeds",2008,822.25
16,"seaweeds",2009,909.25
16,"seaweeds",2010,907.667
16,"seaweeds",2011,993
16,"shells",1976,176
16,"shells",1977,183.25
16,"shells",1978,192.25
16,"shells",1979,203.5
16,"shells",1980,241.25
16,"shells",1981,248.5
16,"shells",1982,241.75
16,"shells",1983,231.25
16,"shells",1984,209.25
16,"shells",1985,208.75
16,"shells",1986,195.25
16,"shells",1987,190
16,"shells",1988,199
16,"shells",1989,203.75
16,"shells",1990,268.25
16,"shells",1991,295.25
16,"shells",1992,322
16,"shells",1993,379.25
16,"shells",1994,347.25
16,"shells",1995,317
16,"shells",1996,270.25
16,"shells",1997,198.75
16,"shells",1998,165.25
16,"shells",1999,148.25
16,"shells",2000,194
16,"shells",2001,240
16,"shells",2002,242.25
16,"shells",2003,322.75
16,"shells",2004,385.5
16,"shells",2005,359
16,"shells",2006,447
16,"shells",2007,389.25
16,"shells",2008,366.5
16,"shells",2009,386
16,"shells",2010,339
16,"shells",2011,410.5
16,"sponges",1976,1.66667
16,"sponges",1977,1.75
16,"sponges",1978,2.75
16,"sponges",1979,2.5
16,"sponges",1980,2.25
16,"sponges",1981,2.25
16,"sponges",1982,1.5
16,"sponges",1983,2
16,"sponges",1984,3
16,"sponges",1985,3.25
16,"sponges",1986,4.25
16,"sponges",1987,6.5
16,"sponges",1988,6.5
16,"sponges",1989,6.75
16,"sponges",1990,8
16,"sponges",1991,18.5
16,"sponges",1992,18.75
16,"sponges",1993,18.5
16,"sponges",1994,16
16,"sponges",1995,3.5
16,"sponges",1996,2.25
16,"sponges",1997,2.25
16,"sponges",1998,2.5
16,"sponges",1999,2.25
16,"sponges",2000,3.75
16,"sponges",2001,4
16,"sponges",2002,4.25
16,"sponges",2003,3.75
16,"sponges",2004,6.25
16,"sponges",2005,6
16,"sponges",2006,8.25
16,"sponges",2007,8
16,"sponges",2008,4.5
16,"sponges",2009,6
16,"sponges",2010,4
16,"sponges",2011,6
17,"fish_oil",1987,35.6667
17,"fish_oil",1988,26.75
17,"fish_oil",1989,0
17,"fish_oil",1990,0
17,"fish_oil",1991,1.5
17,"fish_oil",1992,1.5
17,"fish_oil",1993,4.5
17,"fish_oil",1994,4.5
17,"fish_oil",1995,3
17,"fish_oil",1996,5.25
17,"fish_oil",1997,2.25
17,"fish_oil",1998,2.25
17,"fish_oil",1999,2.75
17,"fish_oil",2000,0.5
17,"fish_oil",2001,0.75
17,"fish_oil",2002,5
17,"fish_oil",2003,9
17,"fish_oil",2004,65.25
17,"fish_oil",2005,136.25
17,"fish_oil",2006,183.5
17,"fish_oil",2007,240.25
17,"fish_oil",2008,268.25
17,"fish_oil",2009,270.5
17,"fish_oil",2010,292
17,"fish_oil",2011,315.5
17,"seaweeds",1995,0.333333
17,"seaweeds",1996,0.25
17,"seaweeds",1997,0
17,"seaweeds",1998,0
17,"seaweeds",1999,0
17,"seaweeds",2000,0
17,"seaweeds",2001,0
17,"seaweeds",2002,0
17,"seaweeds",2003,0
17,"seaweeds",2004,0
17,"seaweeds",2005,0
17,"seaweeds",2006,0
17,"seaweeds",2007,1.25
17,"seaweeds",2008,3.75
17,"seaweeds",2009,5
17,"seaweeds",2010,6.66667
17,"seaweeds",2011,7.5
17,"shells",1994,192
17,"shells",1995,144
17,"shells",1996,91.25
17,"shells",1997,39.75
17,"shells",1998,0
17,"shells",1999,0
17,"shells",2000,0
17,"shells",2001,0
17,"shells",2002,0
17,"shells",2003,0
17,"shells",2004,0
17,"shells",2005,0
17,"shells",2006,0
17,"shells",2007,120.75
17,"shells",2008,243.5
17,"shells",2009,329.25
17,"shells",2010,439
17,"shells",2011,417
18,"corals",2000,1158.33
18,"corals",2001,1522.25
18,"corals",2002,1805.75
18,"corals",2003,1806.25
18,"corals",2004,2365
18,"corals",2005,2108.5
18,"corals",2006,1575.5
18,"corals",2007,1537
18,"corals",2008,1012
18,"corals",2009,749
18,"corals",2010,771
18,"corals",2011,338.5
18,"fish_oil",1976,151.333
18,"fish_oil",1977,196
18,"fish_oil",1978,206
18,"fish_oil",1979,241.5
18,"fish_oil",1980,207.5
18,"fish_oil",1981,185.25
18,"fish_oil",1982,150.25
18,"fish_oil",1983,120.5
18,"fish_oil",1984,120.5
18,"fish_oil",1985,80.25
18,"fish_oil",1986,7740.5
18,"fish_oil",1987,17018.2
18,"fish_oil",1988,28411.5
18,"fish_oil",1989,35590.5
18,"fish_oil",1990,28887.2
18,"fish_oil",1991,20695
18,"fish_oil",1992,9561
18,"fish_oil",1993,2659
18,"fish_oil",1994,2269.75
18,"fish_oil",1995,1539
18,"fish_oil",1996,1530.5
18,"fish_oil",1997,1567.5
18,"fish_oil",1998,1352.25
18,"fish_oil",1999,1082.5
18,"fish_oil",2000,872.5
18,"fish_oil",2001,604.5
18,"fish_oil",2002,321.5
18,"fish_oil",2003,253
18,"fish_oil",2004,251.25
18,"fish_oil",2005,207.75
18,"fish_oil",2006,176.25
18,"fish_oil",2007,166.25
18,"fish_oil",2008,136.25
18,"fish_oil",2009,153
18,"fish_oil",2010,153.333
18,"fish_oil",2011,136.5
18,"seaweeds",1998,89.6667
18,"seaweeds",1999,114
18,"seaweeds",2000,171.25
18,"seaweeds",2001,256
18,"seaweeds",2002,248
18,"seaweeds",2003,225.5
18,"seaweeds",2004,170.25
18,"seaweeds",2005,103.25
18,"seaweeds",2006,67.5
18,"seaweeds",2007,53.25
18,"seaweeds",2008,61.5
18,"seaweeds",2009,70.75
18,"seaweeds",2010,77.3333
18,"seaweeds",2011,96
18,"sponges",2000,1.33333
18,"sponges",2001,4.25
18,"sponges",2002,4.25
18,"sponges",2003,10
18,"sponges",2004,9.5
18,"sponges",2005,6.25
18,"sponges",2006,6
18,"sponges",2007,0
18,"sponges",2008,0
18,"sponges",2009,0
18,"sponges",2010,0
18,"sponges",2011,0
19,"corals",2000,1158.33
19,"corals",2001,1522.25
19,"corals",2002,1805.75
19,"corals",2003,1806.25
19,"corals",2004,2365
19,"corals",2005,2108.5
19,"corals",2006,1575.5
19,"corals",2007,1537
19,"corals",2008,1012
19,"corals",2009,749
19,"corals",2010,771
19,"corals",2011,338.5
19,"fish_oil",1976,151.333
19,"fish_oil",1977,196
19,"fish_oil",1978,206
19,"fish_oil",1979,241.5
19,"fish_oil",1980,207.5
19,"fish_oil",1981,185.25
19,"fish_oil",1982,150.25
19,"fish_oil",1983,120.5
19,"fish_oil",1984,120.5
19,"fish_oil",1985,80.25
19,"fish_oil",1986,7740.5
19,"fish_oil",1987,17018.2
19,"fish_oil",1988,28411.5
19,"fish_oil",1989,35590.5
19,"fish_oil",1990,28887.2
19,"fish_oil",1991,20695
19,"fish_oil",1992,9561
19,"fish_oil",1993,2659
19,"fish_oil",1994,2269.75
19,"fish_oil",1995,1539
19,"fish_oil",1996,1530.5
19,"fish_oil",1997,1567.5
19,"fish_oil",1998,1352.25
19,"fish_oil",1999,1082.5
19,"fish_oil",2000,872.5
19,"fish_oil",2001,604.5
19,"fish_oil",2002,321.5
19,"fish_oil",2003,253
19,"fish_oil",2004,251.25
19,"fish_oil",2005,207.75
19,"fish_oil",2006,176.25
19,"fish_oil",2007,166.25
19,"fish_oil",2008,136.25
19,"fish_oil",2009,153
19,"fish_oil",2010,153.333
19,"fish_oil",2011,136.5
19,"seaweeds",1998,89.6667
19,"seaweeds",1999,114
19,"seaweeds",2000,171.25
19,"seaweeds",2001,256
19,"seaweeds",2002,248
19,"seaweeds",2003,225.5
19,"seaweeds",2004,170.25
19,"seaweeds",2005,103.25
19,"seaweeds",2006,67.5
19,"seaweeds",2007,53.25
19,"seaweeds",2008,61.5
19,"seaweeds",2009,70.75
19,"seaweeds",2010,77.3333
19,"seaweeds",2011,96
19,"sponges",2000,1.33333
19,"sponges",2001,4.25
19,"sponges",2002,4.25
19,"sponges",2003,10
19,"sponges",2004,9.5
19,"sponges",2005,6.25
19,"sponges",2006,6
19,"sponges",2007,0
19,"sponges",2008,0
19,"sponges",2009,0
19,"sponges",2010,0
19,"sponges",2011,0
20,"fish_oil",1994,33.3333
20,"fish_oil",1995,26.25
20,"fish_oil",1996,8.75
20,"fish_oil",1997,8.75
20,"fish_oil",1998,15.75
20,"fish_oil",1999,53.75
20,"fish_oil",2000,195.5
20,"fish_oil",2001,419.25
20,"fish_oil",2002,591
20,"fish_oil",2003,664.5
20,"fish_oil",2004,586.75
20,"fish_oil",2005,422
20,"fish_oil",2006,283.5
20,"fish_oil",2007,223.75
20,"fish_oil",2008,190.5
20,"fish_oil",2009,140.75
20,"fish_oil",2010,125.667
20,"fish_oil",2011,82.5
20,"seaweeds",1996,0.333333
20,"seaweeds",1997,0.75
20,"seaweeds",1998,0.5
20,"seaweeds",1999,2.75
20,"seaweeds",2000,11
20,"seaweeds",2001,22.25
20,"seaweeds",2002,22.75
20,"seaweeds",2003,22.5
20,"seaweeds",2004,29.75
20,"seaweeds",2005,19.75
20,"seaweeds",2006,25.5
20,"seaweeds",2007,32.5
20,"seaweeds",2008,39.5
20,"seaweeds",2009,63.75
20,"seaweeds",2010,76.6667
20,"seaweeds",2011,97
20,"shells",1996,53.6667
20,"shells",1997,51.25
20,"shells",1998,68.5
20,"shells",1999,84.25
20,"shells",2000,104.25
20,"shells",2001,137.5
20,"shells",2002,157.5
20,"shells",2003,170.5
20,"shells",2004,153.5
20,"shells",2005,136.5
20,"shells",2006,110.75
20,"shells",2007,86
20,"shells",2008,95.25
20,"shells",2009,88.25
20,"shells",2010,94.3333
20,"shells",2011,95.5
20,"sponges",1977,0
20,"sponges",1978,0
20,"sponges",1979,0
20,"sponges",1980,0
20,"sponges",1981,0
20,"sponges",1982,0
20,"sponges",1983,0
20,"sponges",1984,0
20,"sponges",1985,0
20,"sponges",1986,0
20,"sponges",1987,0
20,"sponges",1988,0
20,"sponges",1989,0
20,"sponges",1990,0
20,"sponges",1991,0
20,"sponges",1992,0
20,"sponges",1993,0
20,"sponges",1994,0
20,"sponges",1995,0
20,"sponges",1996,0
20,"sponges",1997,0
20,"sponges",1998,0
20,"sponges",1999,0
20,"sponges",2000,0
20,"sponges",2001,0
20,"sponges",2002,0
20,"sponges",2003,0
20,"sponges",2004,0
20,"sponges",2005,2.5
20,"sponges",2006,4.75
20,"sponges",2007,13
20,"sponges",2008,23.25
20,"sponges",2009,20.75
20,"sponges",2010,24.6667
20,"sponges",2011,20.5
21,"fish_oil",1993,312.333
21,"fish_oil",1994,279
21,"fish_oil",1995,229.75
21,"fish_oil",1996,190
21,"fish_oil",1997,180
21,"fish_oil",1998,234
21,"fish_oil",1999,352.75
21,"fish_oil",2000,511.75
21,"fish_oil",2001,606.25
21,"fish_oil",2002,618.75
21,"fish_oil",2003,558
21,"fish_oil",2004,469.75
21,"fish_oil",2005,393.5
21,"fish_oil",2006,373.75
21,"fish_oil",2007,351.25
21,"fish_oil",2008,338.25
21,"fish_oil",2009,426.75
21,"fish_oil",2010,447
21,"fish_oil",2011,529.5
21,"seaweeds",1994,2
21,"seaweeds",1995,1.75
21,"seaweeds",1996,1.25
21,"seaweeds",1997,1.25
21,"seaweeds",1998,2.5
21,"seaweeds",1999,7
21,"seaweeds",2000,27.5
21,"seaweeds",2001,27.5
21,"seaweeds",2002,28.25
21,"seaweeds",2003,24
21,"seaweeds",2004,3.5
21,"seaweeds",2005,3.25
21,"seaweeds",2006,2.75
21,"seaweeds",2007,4
21,"seaweeds",2008,14.5
21,"seaweeds",2009,29.25
21,"seaweeds",2010,36.6667
21,"seaweeds",2011,51.5
22,"fish_oil",1993,312.333
22,"fish_oil",1994,279
22,"fish_oil",1995,229.75
22,"fish_oil",1996,190
22,"fish_oil",1997,180
22,"fish_oil",1998,234
22,"fish_oil",1999,352.75
22,"fish_oil",2000,511.75
22,"fish_oil",2001,606.25
22,"fish_oil",2002,618.75
22,"fish_oil",2003,558
22,"fish_oil",2004,469.75
22,"fish_oil",2005,393.5
22,"fish_oil",2006,373.75
22,"fish_oil",2007,351.25
22,"fish_oil",2008,338.25
22,"fish_oil",2009,426.75
22,"fish_oil",2010,447
22,"fish_oil",2011,529.5
22,"seaweeds",1994,2
22,"seaweeds",1995,1.75
22,"seaweeds",1996,1.25
22,"seaweeds",1997,1.25
22,"seaweeds",1998,2.5
22,"seaweeds",1999,7
22,"seaweeds",2000,27.5
22,"seaweeds",2001,27.5
22,"seaweeds",2002,28.25
22,"seaweeds",2003,24
22,"seaweeds",2004,3.5
22,"seaweeds",2005,3.25
22,"seaweeds",2006,2.75
22,"seaweeds",2007,4
22,"seaweeds",2008,14.5
22,"seaweeds",2009,29.25
22,"seaweeds",2010,36.6667
22,"seaweeds",2011,51.5
23,"fish_oil",1992,31.3333
23,"fish_oil",1993,31.5
23,"fish_oil",1994,30.25
23,"fish_oil",1995,21.5
23,"fish_oil",1996,17.75
23,"fish_oil",1997,9.75
23,"fish_oil",1998,17
23,"fish_oil",1999,23.5
23,"fish_oil",2000,26.25
23,"fish_oil",2001,30.25
23,"fish_oil",2002,17
23,"fish_oil",2003,8.5
23,"fish_oil",2004,4
23,"fish_oil",2005,0.75
23,"fish_oil",2006,2.75
23,"fish_oil",2007,3.5
23,"fish_oil",2008,4
23,"fish_oil",2009,3.5
23,"fish_oil",2010,2
23,"fish_oil",2011,1.5
23,"seaweeds",1998,176.667
23,"seaweeds",1999,196.75
23,"seaweeds",2000,199.5
23,"seaweeds",2001,200.5
23,"seaweeds",2002,238.25
23,"seaweeds",2003,207.5
23,"seaweeds",2004,192.5
23,"seaweeds",2005,224.75
23,"seaweeds",2006,204
23,"seaweeds",2007,175.5
23,"seaweeds",2008,163
23,"seaweeds",2009,108.25
23,"seaweeds",2010,65
23,"seaweeds",2011,87.5
24,"fish_oil",1992,31.3333
24,"fish_oil",1993,31.5
24,"fish_oil",1994,30.25
24,"fish_oil",1995,21.5
24,"fish_oil",1996,17.75
24,"fish_oil",1997,9.75
24,"fish_oil",1998,17
24,"fish_oil",1999,23.5
24,"fish_oil",2000,26.25
24,"fish_oil",2001,30.25
24,"fish_oil",2002,17
24,"fish_oil",2003,8.5
24,"fish_oil",2004,4
24,"fish_oil",2005,0.75
24,"fish_oil",2006,2.75
24,"fish_oil",2007,3.5
24,"fish_oil",2008,4
24,"fish_oil",2009,3.5
24,"fish_oil",2010,2
24,"fish_oil",2011,1.5
24,"seaweeds",1998,176.667
24,"seaweeds",1999,196.75
24,"seaweeds",2000,199.5
24,"seaweeds",2001,200.5
24,"seaweeds",2002,238.25
24,"seaweeds",2003,207.5
24,"seaweeds",2004,192.5
24,"seaweeds",2005,224.75
24,"seaweeds",2006,204
24,"seaweeds",2007,175.5
24,"seaweeds",2008,163
24,"seaweeds",2009,108.25
24,"seaweeds",2010,65
24,"seaweeds",2011,87.5
25,"fish_oil",1992,31.3333
25,"fish_oil",1993,31.5
25,"fish_oil",1994,30.25
25,"fish_oil",1995,21.5
25,"fish_oil",1996,17.75
25,"fish_oil",1997,9.75
25,"fish_oil",1998,17
25,"fish_oil",1999,23.5
25,"fish_oil",2000,26.25
25,"fish_oil",2001,30.25
25,"fish_oil",2002,17
25,"fish_oil",2003,8.5
25,"fish_oil",2004,4
25,"fish_oil",2005,0.75
25,"fish_oil",2006,2.75
25,"fish_oil",2007,3.5
25,"fish_oil",2008,4
25,"fish_oil",2009,3.5
25,"fish_oil",2010,2
25,"fish_oil",2011,1.5
25,"seaweeds",1998,176.667
25,"seaweeds",1999,196.75
25,"seaweeds",2000,199.5
25,"seaweeds",2001,200.5
25,"seaweeds",2002,238.25
25,"seaweeds",2003,207.5
25,"seaweeds",2004,192.5
25,"seaweeds",2005,224.75
25,"seaweeds",2006,204
25,"seaweeds",2007,175.5
25,"seaweeds",2008,163
25,"seaweeds",2009,108.25
25,"seaweeds",2010,65
25,"seaweeds",2011,87.5
