"rgn_id","product","year","usd_rel"
1,"fish_oil",1976,0.0987438
1,"fish_oil",1977,0.103245
1,"fish_oil",1978,0.1093
1,"fish_oil",1979,0.115336
1,"fish_oil",1980,0.126215
1,"fish_oil",1981,0.121896
1,"fish_oil",1982,0.110471
1,"fish_oil",1983,0.094828
1,"fish_oil",1984,0.0753093
1,"fish_oil",1985,0.0639049
1,"fish_oil",1986,0.0718981
1,"fish_oil",1987,0.0810216
1,"fish_oil",1988,0.100096
1,"fish_oil",1989,0.134168
1,"fish_oil",1990,0.150578
1,"fish_oil",1991,0.190827
1,"fish_oil",1992,0.246516
1,"fish_oil",1993,0.298088
1,"fish_oil",1994,0.363426
1,"fish_oil",1995,0.4632
1,"fish_oil",1996,0.58778
1,"fish_oil",1997,0.726732
1,"fish_oil",1998,0.792453
1,"fish_oil",1999,0.78113
1,"fish_oil",2000,0.735734
1,"fish_oil",2001,0.695647
1,"fish_oil",2002,0.826566
1,"fish_oil",2003,0.949228
1,"fish_oil",2004,1
1,"fish_oil",2005,1
1,"fish_oil",2006,1
1,"fish_oil",2007,1
1,"fish_oil",2008,1
1,"fish_oil",2009,1
1,"fish_oil",2010,1
1,"fish_oil",2011,1
1,"ornamentals",1976,0.188818
1,"ornamentals",1977,0.201272
1,"ornamentals",1978,0.263943
1,"ornamentals",1979,0.365181
1,"ornamentals",1980,0.436892
1,"ornamentals",1981,0.587544
1,"ornamentals",1982,0.80147
1,"ornamentals",1983,0.961764
1,"ornamentals",1984,1
1,"ornamentals",1985,1
1,"ornamentals",1986,1
1,"ornamentals",1987,1
1,"ornamentals",1988,1
1,"ornamentals",1989,1
1,"ornamentals",1990,1
1,"ornamentals",1991,1
1,"ornamentals",1992,1
1,"ornamentals",1993,1
1,"ornamentals",1994,0.687577
1,"ornamentals",1995,0.42725
1,"ornamentals",1996,0.00421827
1,"ornamentals",1997,0.00421827
1,"ornamentals",1998,0.0144626
1,"ornamentals",1999,0.0162705
1,"ornamentals",2000,0.389286
1,"ornamentals",2001,0.474856
1,"ornamentals",2002,0.464009
1,"ornamentals",2003,0.461599
1,"ornamentals",2004,0.0921992
1,"ornamentals",2005,0.0723131
1,"ornamentals",2006,0.0831601
1,"ornamentals",2007,0.0897888
1,"ornamentals",2008,0.125945
1,"ornamentals",2009,0.0783392
1,"ornamentals",2010,0.0899897
1,"ornamentals",2011,0.121727
1,"seaweeds",1994,0.450023
1,"seaweeds",1995,0.42961
1,"seaweeds",1996,0.451581
1,"seaweeds",1997,0.778347
1,"seaweeds",1998,1
1,"seaweeds",1999,1
1,"seaweeds",2000,1
1,"seaweeds",2001,1
1,"seaweeds",2002,0.870439
1,"seaweeds",2003,0.345464
1,"seaweeds",2004,0.294977
1,"seaweeds",2005,0.311806
1,"seaweeds",2006,0.360891
1,"seaweeds",2007,0.438492
1,"seaweeds",2008,0.683917
1,"seaweeds",2009,0.864362
1,"seaweeds",2010,1
1,"seaweeds",2011,1
1,"shells",1995,0.0452186
1,"shells",1996,0.0369971
1,"shells",1997,0.0955758
1,"shells",1998,0.138739
1,"shells",1999,0.274395
1,"shells",2000,0.598119
1,"shells",2001,0.88793
1,"shells",2002,0.918761
1,"shells",2003,1
1,"shells",2004,0.897179
1,"shells",2005,0.897179
1,"shells",2006,1
1,"shells",2007,1
1,"shells",2008,1
1,"shells",2009,1
1,"shells",2010,0.735831
1,"shells",2011,0.363805
1,"sponges",1994,0.302198
1,"sponges",1995,0.326236
1,"sponges",1996,0.233516
1,"sponges",1997,0.315934
1,"sponges",1998,0.257555
1,"sponges",1999,0.223214
1,"sponges",2000,0.206044
1,"sponges",2001,0.140797
1,"sponges",2002,0.133929
1,"sponges",2003,0.116758
1,"sponges",2004,0.164835
1,"sponges",2005,0.154533
1,"sponges",2006,0.216346
1,"sponges",2007,0.504808
1,"sponges",2008,0.910027
1,"sponges",2009,1
1,"sponges",2010,1
1,"sponges",2011,1
2,"fish_oil",1976,0.0987438
2,"fish_oil",1977,0.103245
2,"fish_oil",1978,0.1093
2,"fish_oil",1979,0.115336
2,"fish_oil",1980,0.126215
2,"fish_oil",1981,0.121896
2,"fish_oil",1982,0.110471
2,"fish_oil",1983,0.094828
2,"fish_oil",1984,0.0753093
2,"fish_oil",1985,0.0639049
2,"fish_oil",1986,0.0718981
2,"fish_oil",1987,0.0810216
2,"fish_oil",1988,0.100096
2,"fish_oil",1989,0.134168
2,"fish_oil",1990,0.150578
2,"fish_oil",1991,0.190827
2,"fish_oil",1992,0.246516
2,"fish_oil",1993,0.298088
2,"fish_oil",1994,0.363426
2,"fish_oil",1995,0.4632
2,"fish_oil",1996,0.58778
2,"fish_oil",1997,0.726732
2,"fish_oil",1998,0.792453
2,"fish_oil",1999,0.78113
2,"fish_oil",2000,0.735734
2,"fish_oil",2001,0.695647
2,"fish_oil",2002,0.826566
2,"fish_oil",2003,0.949228
2,"fish_oil",2004,1
2,"fish_oil",2005,1
2,"fish_oil",2006,1
2,"fish_oil",2007,1
2,"fish_oil",2008,1
2,"fish_oil",2009,1
2,"fish_oil",2010,1
2,"fish_oil",2011,1
2,"ornamentals",1976,0.188818
2,"ornamentals",1977,0.201272
2,"ornamentals",1978,0.263943
2,"ornamentals",1979,0.365181
2,"ornamentals",1980,0.436892
2,"ornamentals",1981,0.587544
2,"ornamentals",1982,0.80147
2,"ornamentals",1983,0.961764
2,"ornamentals",1984,1
2,"ornamentals",1985,1
2,"ornamentals",1986,1
2,"ornamentals",1987,1
2,"ornamentals",1988,1
2,"ornamentals",1989,1
2,"ornamentals",1990,1
2,"ornamentals",1991,1
2,"ornamentals",1992,1
2,"ornamentals",1993,1
2,"ornamentals",1994,0.687577
2,"ornamentals",1995,0.42725
2,"ornamentals",1996,0.00421827
2,"ornamentals",1997,0.00421827
2,"ornamentals",1998,0.0144626
2,"ornamentals",1999,0.0162705
2,"ornamentals",2000,0.389286
2,"ornamentals",2001,0.474856
2,"ornamentals",2002,0.464009
2,"ornamentals",2003,0.461599
2,"ornamentals",2004,0.0921992
2,"ornamentals",2005,0.0723131
2,"ornamentals",2006,0.0831601
2,"ornamentals",2007,0.0897888
2,"ornamentals",2008,0.125945
2,"ornamentals",2009,0.0783392
2,"ornamentals",2010,0.0899897
2,"ornamentals",2011,0.121727
2,"seaweeds",1994,0.450023
2,"seaweeds",1995,0.42961
2,"seaweeds",1996,0.451581
2,"seaweeds",1997,0.778347
2,"seaweeds",1998,1
2,"seaweeds",1999,1
2,"seaweeds",2000,1
2,"seaweeds",2001,1
2,"seaweeds",2002,0.870439
2,"seaweeds",2003,0.345464
2,"seaweeds",2004,0.294977
2,"seaweeds",2005,0.311806
2,"seaweeds",2006,0.360891
2,"seaweeds",2007,0.438492
2,"seaweeds",2008,0.683917
2,"seaweeds",2009,0.864362
2,"seaweeds",2010,1
2,"seaweeds",2011,1
2,"shells",1995,0.0452186
2,"shells",1996,0.0369971
2,"shells",1997,0.0955758
2,"shells",1998,0.138739
2,"shells",1999,0.274395
2,"shells",2000,0.598119
2,"shells",2001,0.88793
2,"shells",2002,0.918761
2,"shells",2003,1
2,"shells",2004,0.897179
2,"shells",2005,0.897179
2,"shells",2006,1
2,"shells",2007,1
2,"shells",2008,1
2,"shells",2009,1
2,"shells",2010,0.735831
2,"shells",2011,0.363805
2,"sponges",1994,0.302198
2,"sponges",1995,0.326236
2,"sponges",1996,0.233516
2,"sponges",1997,0.315934
2,"sponges",1998,0.257555
2,"sponges",1999,0.223214
2,"sponges",2000,0.206044
2,"sponges",2001,0.140797
2,"sponges",2002,0.133929
2,"sponges",2003,0.116758
2,"sponges",2004,0.164835
2,"sponges",2005,0.154533
2,"sponges",2006,0.216346
2,"sponges",2007,0.504808
2,"sponges",2008,0.910027
2,"sponges",2009,1
2,"sponges",2010,1
2,"sponges",2011,1
3,"fish_oil",1976,0.0987438
3,"fish_oil",1977,0.103245
3,"fish_oil",1978,0.1093
3,"fish_oil",1979,0.115336
3,"fish_oil",1980,0.126215
3,"fish_oil",1981,0.121896
3,"fish_oil",1982,0.110471
3,"fish_oil",1983,0.094828
3,"fish_oil",1984,0.0753093
3,"fish_oil",1985,0.0639049
3,"fish_oil",1986,0.0718981
3,"fish_oil",1987,0.0810216
3,"fish_oil",1988,0.100096
3,"fish_oil",1989,0.134168
3,"fish_oil",1990,0.150578
3,"fish_oil",1991,0.190827
3,"fish_oil",1992,0.246516
3,"fish_oil",1993,0.298088
3,"fish_oil",1994,0.363426
3,"fish_oil",1995,0.4632
3,"fish_oil",1996,0.58778
3,"fish_oil",1997,0.726732
3,"fish_oil",1998,0.792453
3,"fish_oil",1999,0.78113
3,"fish_oil",2000,0.735734
3,"fish_oil",2001,0.695647
3,"fish_oil",2002,0.826566
3,"fish_oil",2003,0.949228
3,"fish_oil",2004,1
3,"fish_oil",2005,1
3,"fish_oil",2006,1
3,"fish_oil",2007,1
3,"fish_oil",2008,1
3,"fish_oil",2009,1
3,"fish_oil",2010,1
3,"fish_oil",2011,1
3,"ornamentals",1976,0.188818
3,"ornamentals",1977,0.201272
3,"ornamentals",1978,0.263943
3,"ornamentals",1979,0.365181
3,"ornamentals",1980,0.436892
3,"ornamentals",1981,0.587544
3,"ornamentals",1982,0.80147
3,"ornamentals",1983,0.961764
3,"ornamentals",1984,1
3,"ornamentals",1985,1
3,"ornamentals",1986,1
3,"ornamentals",1987,1
3,"ornamentals",1988,1
3,"ornamentals",1989,1
3,"ornamentals",1990,1
3,"ornamentals",1991,1
3,"ornamentals",1992,1
3,"ornamentals",1993,1
3,"ornamentals",1994,0.687577
3,"ornamentals",1995,0.42725
3,"ornamentals",1996,0.00421827
3,"ornamentals",1997,0.00421827
3,"ornamentals",1998,0.0144626
3,"ornamentals",1999,0.0162705
3,"ornamentals",2000,0.389286
3,"ornamentals",2001,0.474856
3,"ornamentals",2002,0.464009
3,"ornamentals",2003,0.461599
3,"ornamentals",2004,0.0921992
3,"ornamentals",2005,0.0723131
3,"ornamentals",2006,0.0831601
3,"ornamentals",2007,0.0897888
3,"ornamentals",2008,0.125945
3,"ornamentals",2009,0.0783392
3,"ornamentals",2010,0.0899897
3,"ornamentals",2011,0.121727
3,"seaweeds",1994,0.450023
3,"seaweeds",1995,0.42961
3,"seaweeds",1996,0.451581
3,"seaweeds",1997,0.778347
3,"seaweeds",1998,1
3,"seaweeds",1999,1
3,"seaweeds",2000,1
3,"seaweeds",2001,1
3,"seaweeds",2002,0.870439
3,"seaweeds",2003,0.345464
3,"seaweeds",2004,0.294977
3,"seaweeds",2005,0.311806
3,"seaweeds",2006,0.360891
3,"seaweeds",2007,0.438492
3,"seaweeds",2008,0.683917
3,"seaweeds",2009,0.864362
3,"seaweeds",2010,1
3,"seaweeds",2011,1
3,"shells",1995,0.0452186
3,"shells",1996,0.0369971
3,"shells",1997,0.0955758
3,"shells",1998,0.138739
3,"shells",1999,0.274395
3,"shells",2000,0.598119
3,"shells",2001,0.88793
3,"shells",2002,0.918761
3,"shells",2003,1
3,"shells",2004,0.897179
3,"shells",2005,0.897179
3,"shells",2006,1
3,"shells",2007,1
3,"shells",2008,1
3,"shells",2009,1
3,"shells",2010,0.735831
3,"shells",2011,0.363805
3,"sponges",1994,0.302198
3,"sponges",1995,0.326236
3,"sponges",1996,0.233516
3,"sponges",1997,0.315934
3,"sponges",1998,0.257555
3,"sponges",1999,0.223214
3,"sponges",2000,0.206044
3,"sponges",2001,0.140797
3,"sponges",2002,0.133929
3,"sponges",2003,0.116758
3,"sponges",2004,0.164835
3,"sponges",2005,0.154533
3,"sponges",2006,0.216346
3,"sponges",2007,0.504808
3,"sponges",2008,0.910027
3,"sponges",2009,1
3,"sponges",2010,1
3,"sponges",2011,1
4,"fish_oil",1976,0.0987438
4,"fish_oil",1977,0.103245
4,"fish_oil",1978,0.1093
4,"fish_oil",1979,0.115336
4,"fish_oil",1980,0.126215
4,"fish_oil",1981,0.121896
4,"fish_oil",1982,0.110471
4,"fish_oil",1983,0.094828
4,"fish_oil",1984,0.0753093
4,"fish_oil",1985,0.0639049
4,"fish_oil",1986,0.0718981
4,"fish_oil",1987,0.0810216
4,"fish_oil",1988,0.100096
4,"fish_oil",1989,0.134168
4,"fish_oil",1990,0.150578
4,"fish_oil",1991,0.190827
4,"fish_oil",1992,0.246516
4,"fish_oil",1993,0.298088
4,"fish_oil",1994,0.363426
4,"fish_oil",1995,0.4632
4,"fish_oil",1996,0.58778
4,"fish_oil",1997,0.726732
4,"fish_oil",1998,0.792453
4,"fish_oil",1999,0.78113
4,"fish_oil",2000,0.735734
4,"fish_oil",2001,0.695647
4,"fish_oil",2002,0.826566
4,"fish_oil",2003,0.949228
4,"fish_oil",2004,1
4,"fish_oil",2005,1
4,"fish_oil",2006,1
4,"fish_oil",2007,1
4,"fish_oil",2008,1
4,"fish_oil",2009,1
4,"fish_oil",2010,1
4,"fish_oil",2011,1
4,"ornamentals",1976,0.188818
4,"ornamentals",1977,0.201272
4,"ornamentals",1978,0.263943
4,"ornamentals",1979,0.365181
4,"ornamentals",1980,0.436892
4,"ornamentals",1981,0.587544
4,"ornamentals",1982,0.80147
4,"ornamentals",1983,0.961764
4,"ornamentals",1984,1
4,"ornamentals",1985,1
4,"ornamentals",1986,1
4,"ornamentals",1987,1
4,"ornamentals",1988,1
4,"ornamentals",1989,1
4,"ornamentals",1990,1
4,"ornamentals",1991,1
4,"ornamentals",1992,1
4,"ornamentals",1993,1
4,"ornamentals",1994,0.687577
4,"ornamentals",1995,0.42725
4,"ornamentals",1996,0.00421827
4,"ornamentals",1997,0.00421827
4,"ornamentals",1998,0.0144626
4,"ornamentals",1999,0.0162705
4,"ornamentals",2000,0.389286
4,"ornamentals",2001,0.474856
4,"ornamentals",2002,0.464009
4,"ornamentals",2003,0.461599
4,"ornamentals",2004,0.0921992
4,"ornamentals",2005,0.0723131
4,"ornamentals",2006,0.0831601
4,"ornamentals",2007,0.0897888
4,"ornamentals",2008,0.125945
4,"ornamentals",2009,0.0783392
4,"ornamentals",2010,0.0899897
4,"ornamentals",2011,0.121727
4,"seaweeds",1994,0.450023
4,"seaweeds",1995,0.42961
4,"seaweeds",1996,0.451581
4,"seaweeds",1997,0.778347
4,"seaweeds",1998,1
4,"seaweeds",1999,1
4,"seaweeds",2000,1
4,"seaweeds",2001,1
4,"seaweeds",2002,0.870439
4,"seaweeds",2003,0.345464
4,"seaweeds",2004,0.294977
4,"seaweeds",2005,0.311806
4,"seaweeds",2006,0.360891
4,"seaweeds",2007,0.438492
4,"seaweeds",2008,0.683917
4,"seaweeds",2009,0.864362
4,"seaweeds",2010,1
4,"seaweeds",2011,1
4,"shells",1995,0.0452186
4,"shells",1996,0.0369971
4,"shells",1997,0.0955758
4,"shells",1998,0.138739
4,"shells",1999,0.274395
4,"shells",2000,0.598119
4,"shells",2001,0.88793
4,"shells",2002,0.918761
4,"shells",2003,1
4,"shells",2004,0.897179
4,"shells",2005,0.897179
4,"shells",2006,1
4,"shells",2007,1
4,"shells",2008,1
4,"shells",2009,1
4,"shells",2010,0.735831
4,"shells",2011,0.363805
4,"sponges",1994,0.302198
4,"sponges",1995,0.326236
4,"sponges",1996,0.233516
4,"sponges",1997,0.315934
4,"sponges",1998,0.257555
4,"sponges",1999,0.223214
4,"sponges",2000,0.206044
4,"sponges",2001,0.140797
4,"sponges",2002,0.133929
4,"sponges",2003,0.116758
4,"sponges",2004,0.164835
4,"sponges",2005,0.154533
4,"sponges",2006,0.216346
4,"sponges",2007,0.504808
4,"sponges",2008,0.910027
4,"sponges",2009,1
4,"sponges",2010,1
4,"sponges",2011,1
5,"fish_oil",1976,0.0987438
5,"fish_oil",1977,0.103245
5,"fish_oil",1978,0.1093
5,"fish_oil",1979,0.115336
5,"fish_oil",1980,0.126215
5,"fish_oil",1981,0.121896
5,"fish_oil",1982,0.110471
5,"fish_oil",1983,0.094828
5,"fish_oil",1984,0.0753093
5,"fish_oil",1985,0.0639049
5,"fish_oil",1986,0.0718981
5,"fish_oil",1987,0.0810216
5,"fish_oil",1988,0.100096
5,"fish_oil",1989,0.134168
5,"fish_oil",1990,0.150578
5,"fish_oil",1991,0.190827
5,"fish_oil",1992,0.246516
5,"fish_oil",1993,0.298088
5,"fish_oil",1994,0.363426
5,"fish_oil",1995,0.4632
5,"fish_oil",1996,0.58778
5,"fish_oil",1997,0.726732
5,"fish_oil",1998,0.792453
5,"fish_oil",1999,0.78113
5,"fish_oil",2000,0.735734
5,"fish_oil",2001,0.695647
5,"fish_oil",2002,0.826566
5,"fish_oil",2003,0.949228
5,"fish_oil",2004,1
5,"fish_oil",2005,1
5,"fish_oil",2006,1
5,"fish_oil",2007,1
5,"fish_oil",2008,1
5,"fish_oil",2009,1
5,"fish_oil",2010,1
5,"fish_oil",2011,1
5,"ornamentals",1976,0.188818
5,"ornamentals",1977,0.201272
5,"ornamentals",1978,0.263943
5,"ornamentals",1979,0.365181
5,"ornamentals",1980,0.436892
5,"ornamentals",1981,0.587544
5,"ornamentals",1982,0.80147
5,"ornamentals",1983,0.961764
5,"ornamentals",1984,1
5,"ornamentals",1985,1
5,"ornamentals",1986,1
5,"ornamentals",1987,1
5,"ornamentals",1988,1
5,"ornamentals",1989,1
5,"ornamentals",1990,1
5,"ornamentals",1991,1
5,"ornamentals",1992,1
5,"ornamentals",1993,1
5,"ornamentals",1994,0.687577
5,"ornamentals",1995,0.42725
5,"ornamentals",1996,0.00421827
5,"ornamentals",1997,0.00421827
5,"ornamentals",1998,0.0144626
5,"ornamentals",1999,0.0162705
5,"ornamentals",2000,0.389286
5,"ornamentals",2001,0.474856
5,"ornamentals",2002,0.464009
5,"ornamentals",2003,0.461599
5,"ornamentals",2004,0.0921992
5,"ornamentals",2005,0.0723131
5,"ornamentals",2006,0.0831601
5,"ornamentals",2007,0.0897888
5,"ornamentals",2008,0.125945
5,"ornamentals",2009,0.0783392
5,"ornamentals",2010,0.0899897
5,"ornamentals",2011,0.121727
5,"seaweeds",1994,0.450023
5,"seaweeds",1995,0.42961
5,"seaweeds",1996,0.451581
5,"seaweeds",1997,0.778347
5,"seaweeds",1998,1
5,"seaweeds",1999,1
5,"seaweeds",2000,1
5,"seaweeds",2001,1
5,"seaweeds",2002,0.870439
5,"seaweeds",2003,0.345464
5,"seaweeds",2004,0.294977
5,"seaweeds",2005,0.311806
5,"seaweeds",2006,0.360891
5,"seaweeds",2007,0.438492
5,"seaweeds",2008,0.683917
5,"seaweeds",2009,0.864362
5,"seaweeds",2010,1
5,"seaweeds",2011,1
5,"shells",1995,0.0452186
5,"shells",1996,0.0369971
5,"shells",1997,0.0955758
5,"shells",1998,0.138739
5,"shells",1999,0.274395
5,"shells",2000,0.598119
5,"shells",2001,0.88793
5,"shells",2002,0.918761
5,"shells",2003,1
5,"shells",2004,0.897179
5,"shells",2005,0.897179
5,"shells",2006,1
5,"shells",2007,1
5,"shells",2008,1
5,"shells",2009,1
5,"shells",2010,0.735831
5,"shells",2011,0.363805
5,"sponges",1994,0.302198
5,"sponges",1995,0.326236
5,"sponges",1996,0.233516
5,"sponges",1997,0.315934
5,"sponges",1998,0.257555
5,"sponges",1999,0.223214
5,"sponges",2000,0.206044
5,"sponges",2001,0.140797
5,"sponges",2002,0.133929
5,"sponges",2003,0.116758
5,"sponges",2004,0.164835
5,"sponges",2005,0.154533
5,"sponges",2006,0.216346
5,"sponges",2007,0.504808
5,"sponges",2008,0.910027
5,"sponges",2009,1
5,"sponges",2010,1
5,"sponges",2011,1
6,"fish_oil",1983,0.00722919
6,"fish_oil",1984,0.00948831
6,"fish_oil",1985,0.00440529
6,"fish_oil",1986,0.0379532
6,"fish_oil",1987,0.0457472
6,"fish_oil",1988,0.0633683
6,"fish_oil",1989,0.0633683
6,"fish_oil",1990,0.0335479
6,"fish_oil",1991,0.0288038
6,"fish_oil",1992,0.0132159
6,"fish_oil",1993,0.0471027
6,"fish_oil",1994,0.0599797
6,"fish_oil",1995,0.141308
6,"fish_oil",1996,0.138936
6,"fish_oil",1997,0.108777
6,"fish_oil",1998,0.0989495
6,"fish_oil",1999,0.0240596
6,"fish_oil",2000,0.0210098
6,"fish_oil",2001,0.0382921
6,"fish_oil",2002,0.0372755
6,"fish_oil",2003,0.048797
6,"fish_oil",2004,0.14063
6,"fish_oil",2005,0.309387
6,"fish_oil",2006,0.773297
6,"fish_oil",2007,0.951542
6,"fish_oil",2008,1
6,"fish_oil",2009,1
6,"fish_oil",2010,1
6,"fish_oil",2011,1
6,"seaweeds",1996,1
6,"seaweeds",1997,1
6,"seaweeds",1998,0.960975
6,"seaweeds",1999,0.351906
6,"seaweeds",2000,0.311302
6,"seaweeds",2001,0.365441
6,"seaweeds",2002,0.267313
6,"seaweeds",2003,0.270697
6,"seaweeds",2004,0.284232
6,"seaweeds",2005,0.274081
6,"seaweeds",2006,0.314685
6,"seaweeds",2007,0.35529
6,"seaweeds",2008,0.331604
6,"seaweeds",2009,0.20979
6,"seaweeds",2010,0.194
6,"seaweeds",2011,0.128581
7,"fish_oil",1983,0.00722919
7,"fish_oil",1984,0.00948831
7,"fish_oil",1985,0.00440529
7,"fish_oil",1986,0.0379532
7,"fish_oil",1987,0.0457472
7,"fish_oil",1988,0.0633683
7,"fish_oil",1989,0.0633683
7,"fish_oil",1990,0.0335479
7,"fish_oil",1991,0.0288038
7,"fish_oil",1992,0.0132159
7,"fish_oil",1993,0.0471027
7,"fish_oil",1994,0.0599797
7,"fish_oil",1995,0.141308
7,"fish_oil",1996,0.138936
7,"fish_oil",1997,0.108777
7,"fish_oil",1998,0.0989495
7,"fish_oil",1999,0.0240596
7,"fish_oil",2000,0.0210098
7,"fish_oil",2001,0.0382921
7,"fish_oil",2002,0.0372755
7,"fish_oil",2003,0.048797
7,"fish_oil",2004,0.14063
7,"fish_oil",2005,0.309387
7,"fish_oil",2006,0.773297
7,"fish_oil",2007,0.951542
7,"fish_oil",2008,1
7,"fish_oil",2009,1
7,"fish_oil",2010,1
7,"fish_oil",2011,1
7,"seaweeds",1996,1
7,"seaweeds",1997,1
7,"seaweeds",1998,0.960975
7,"seaweeds",1999,0.351906
7,"seaweeds",2000,0.311302
7,"seaweeds",2001,0.365441
7,"seaweeds",2002,0.267313
7,"seaweeds",2003,0.270697
7,"seaweeds",2004,0.284232
7,"seaweeds",2005,0.274081
7,"seaweeds",2006,0.314685
7,"seaweeds",2007,0.35529
7,"seaweeds",2008,0.331604
7,"seaweeds",2009,0.20979
7,"seaweeds",2010,0.194
7,"seaweeds",2011,0.128581
8,"fish_oil",1983,0.00722919
8,"fish_oil",1984,0.00948831
8,"fish_oil",1985,0.00440529
8,"fish_oil",1986,0.0379532
8,"fish_oil",1987,0.0457472
8,"fish_oil",1988,0.0633683
8,"fish_oil",1989,0.0633683
8,"fish_oil",1990,0.0335479
8,"fish_oil",1991,0.0288038
8,"fish_oil",1992,0.0132159
8,"fish_oil",1993,0.0471027
8,"fish_oil",1994,0.0599797
8,"fish_oil",1995,0.141308
8,"fish_oil",1996,0.138936
8,"fish_oil",1997,0.108777
8,"fish_oil",1998,0.0989495
8,"fish_oil",1999,0.0240596
8,"fish_oil",2000,0.0210098
8,"fish_oil",2001,0.0382921
8,"fish_oil",2002,0.0372755
8,"fish_oil",2003,0.048797
8,"fish_oil",2004,0.14063
8,"fish_oil",2005,0.309387
8,"fish_oil",2006,0.773297
8,"fish_oil",2007,0.951542
8,"fish_oil",2008,1
8,"fish_oil",2009,1
8,"fish_oil",2010,1
8,"fish_oil",2011,1
8,"seaweeds",1996,1
8,"seaweeds",1997,1
8,"seaweeds",1998,0.960975
8,"seaweeds",1999,0.351906
8,"seaweeds",2000,0.311302
8,"seaweeds",2001,0.365441
8,"seaweeds",2002,0.267313
8,"seaweeds",2003,0.270697
8,"seaweeds",2004,0.284232
8,"seaweeds",2005,0.274081
8,"seaweeds",2006,0.314685
8,"seaweeds",2007,0.35529
8,"seaweeds",2008,0.331604
8,"seaweeds",2009,0.20979
8,"seaweeds",2010,0.194
8,"seaweeds",2011,0.128581
9,"fish_oil",1983,0.00722919
9,"fish_oil",1984,0.00948831
9,"fish_oil",1985,0.00440529
9,"fish_oil",1986,0.0379532
9,"fish_oil",1987,0.0457472
9,"fish_oil",1988,0.0633683
9,"fish_oil",1989,0.0633683
9,"fish_oil",1990,0.0335479
9,"fish_oil",1991,0.0288038
9,"fish_oil",1992,0.0132159
9,"fish_oil",1993,0.0471027
9,"fish_oil",1994,0.0599797
9,"fish_oil",1995,0.141308
9,"fish_oil",1996,0.138936
9,"fish_oil",1997,0.108777
9,"fish_oil",1998,0.0989495
9,"fish_oil",1999,0.0240596
9,"fish_oil",2000,0.0210098
9,"fish_oil",2001,0.0382921
9,"fish_oil",2002,0.0372755
9,"fish_oil",2003,0.048797
9,"fish_oil",2004,0.14063
9,"fish_oil",2005,0.309387
9,"fish_oil",2006,0.773297
9,"fish_oil",2007,0.951542
9,"fish_oil",2008,1
9,"fish_oil",2009,1
9,"fish_oil",2010,1
9,"fish_oil",2011,1
9,"seaweeds",1996,1
9,"seaweeds",1997,1
9,"seaweeds",1998,0.960975
9,"seaweeds",1999,0.351906
9,"seaweeds",2000,0.311302
9,"seaweeds",2001,0.365441
9,"seaweeds",2002,0.267313
9,"seaweeds",2003,0.270697
9,"seaweeds",2004,0.284232
9,"seaweeds",2005,0.274081
9,"seaweeds",2006,0.314685
9,"seaweeds",2007,0.35529
9,"seaweeds",2008,0.331604
9,"seaweeds",2009,0.20979
9,"seaweeds",2010,0.194
9,"seaweeds",2011,0.128581
10,NA,NA,NA
11,"fish_oil",1976,0.201341
11,"fish_oil",1977,0.195597
11,"fish_oil",1978,0.215548
11,"fish_oil",1979,0.217362
11,"fish_oil",1980,0.208729
11,"fish_oil",1981,0.202621
11,"fish_oil",1982,0.169757
11,"fish_oil",1983,0.144577
11,"fish_oil",1984,0.126902
11,"fish_oil",1985,0.10301
11,"fish_oil",1986,0.096305
11,"fish_oil",1987,0.0775398
11,"fish_oil",1988,0.0739195
11,"fish_oil",1989,0.102655
11,"fish_oil",1990,0.131159
11,"fish_oil",1991,0.161177
11,"fish_oil",1992,0.1939
11,"fish_oil",1993,0.243561
11,"fish_oil",1994,0.274731
11,"fish_oil",1995,0.325877
11,"fish_oil",1996,0.373124
11,"fish_oil",1997,0.348372
11,"fish_oil",1998,0.31783
11,"fish_oil",1999,0.293329
11,"fish_oil",2000,0.288973
11,"fish_oil",2001,0.334993
11,"fish_oil",2002,0.418936
11,"fish_oil",2003,0.504941
11,"fish_oil",2004,0.615724
11,"fish_oil",2005,0.719106
11,"fish_oil",2006,0.92408
11,"fish_oil",2007,1
11,"fish_oil",2008,1
11,"fish_oil",2009,1
11,"fish_oil",2010,1
11,"fish_oil",2011,1
11,"ornamentals",1988,0.617376
11,"ornamentals",1989,1
11,"ornamentals",1990,1
11,"ornamentals",1991,1
11,"ornamentals",1992,1
11,"ornamentals",1993,0.736868
11,"ornamentals",1994,0.353498
11,"ornamentals",1995,0.318646
11,"ornamentals",1996,0.94598
11,"ornamentals",1997,0.995768
11,"ornamentals",1998,1
11,"ornamentals",1999,1
11,"ornamentals",2000,0.876276
11,"ornamentals",2001,0.68708
11,"ornamentals",2002,0.497884
11,"ornamentals",2003,0.313667
11,"ornamentals",2004,0.293752
11,"ornamentals",2005,0.224048
11,"ornamentals",2006,0.229027
11,"ornamentals",2007,0.229027
11,"ornamentals",2008,0.029873
11,"ornamentals",2009,0.00497884
11,"ornamentals",2010,0
11,"ornamentals",2011,0
11,"seaweeds",1983,0.218503
11,"seaweeds",1984,0.267618
11,"seaweeds",1985,1
11,"seaweeds",1986,1
11,"seaweeds",1987,1
11,"seaweeds",1988,1
11,"seaweeds",1989,0.209451
11,"seaweeds",1990,0.127556
11,"seaweeds",1991,0
11,"seaweeds",1992,0.0242433
11,"seaweeds",1993,0.0901198
11,"seaweeds",1994,0.274471
11,"seaweeds",1995,0.519388
11,"seaweeds",1996,0.607109
11,"seaweeds",1997,0.641118
11,"seaweeds",1998,0.540547
11,"seaweeds",1999,0.339663
11,"seaweeds",2000,0.275499
11,"seaweeds",2001,0.290148
11,"seaweeds",2002,0.371701
11,"seaweeds",2003,0.619702
11,"seaweeds",2004,0.759165
11,"seaweeds",2005,0.893659
11,"seaweeds",2006,0.924842
11,"seaweeds",2007,0.818445
11,"seaweeds",2008,0.870359
11,"seaweeds",2009,0.937092
11,"seaweeds",2010,0.987434
11,"seaweeds",2011,1
11,"shells",1976,0.0974411
11,"shells",1977,0.103196
11,"shells",1978,0.108648
11,"shells",1979,0.304914
11,"shells",1980,0.474571
11,"shells",1981,0.611257
11,"shells",1982,0.737688
11,"shells",1983,0.696539
11,"shells",1984,0.753394
11,"shells",1985,0.917469
11,"shells",1986,1
11,"shells",1987,1
11,"shells",1988,0.995093
11,"shells",1989,0.664218
11,"shells",1990,0.329058
11,"shells",1991,0
11,"shells",1992,0.35502
11,"shells",1993,0.646564
11,"shells",1994,1
11,"shells",1995,1
11,"shells",1996,1
11,"shells",1997,1
11,"shells",1998,0.940705
11,"shells",1999,0.651886
11,"shells",2000,0.748981
11,"shells",2001,1
11,"shells",2002,1
11,"shells",2003,0.956671
11,"shells",2004,0.700953
11,"shells",2005,0.40837
11,"shells",2006,0.38825
11,"shells",2007,0.363197
11,"shells",2008,0.396947
11,"shells",2009,0.436797
11,"shells",2010,0.414341
11,"shells",2011,0.483398
11,"sponges",1988,0.0231783
11,"sponges",1989,0.0173837
11,"sponges",1990,0
11,"sponges",1991,0
11,"sponges",1992,0.243372
11,"sponges",1993,1
11,"sponges",1994,1
11,"sponges",1995,1
11,"sponges",1996,1
11,"sponges",1997,0.182529
11,"sponges",1998,0.169492
11,"sponges",1999,0.169492
11,"sponges",2000,0.134724
11,"sponges",2001,0.0956106
11,"sponges",2002,0.0738809
11,"sponges",2003,0.0782269
11,"sponges",2004,0.0956106
11,"sponges",2005,0.53455
11,"sponges",2006,0.560626
11,"sponges",2007,0.57801
11,"sponges",2008,0.543242
11,"sponges",2009,0.212951
11,"sponges",2010,0.243372
11,"sponges",2011,0.295524
12,"fish_oil",1976,0.201341
12,"fish_oil",1977,0.195597
12,"fish_oil",1978,0.215548
12,"fish_oil",1979,0.217362
12,"fish_oil",1980,0.208729
12,"fish_oil",1981,0.202621
12,"fish_oil",1982,0.169757
12,"fish_oil",1983,0.144577
12,"fish_oil",1984,0.126902
12,"fish_oil",1985,0.10301
12,"fish_oil",1986,0.096305
12,"fish_oil",1987,0.0775398
12,"fish_oil",1988,0.0739195
12,"fish_oil",1989,0.102655
12,"fish_oil",1990,0.131159
12,"fish_oil",1991,0.161177
12,"fish_oil",1992,0.1939
12,"fish_oil",1993,0.243561
12,"fish_oil",1994,0.274731
12,"fish_oil",1995,0.325877
12,"fish_oil",1996,0.373124
12,"fish_oil",1997,0.348372
12,"fish_oil",1998,0.31783
12,"fish_oil",1999,0.293329
12,"fish_oil",2000,0.288973
12,"fish_oil",2001,0.334993
12,"fish_oil",2002,0.418936
12,"fish_oil",2003,0.504941
12,"fish_oil",2004,0.615724
12,"fish_oil",2005,0.719106
12,"fish_oil",2006,0.92408
12,"fish_oil",2007,1
12,"fish_oil",2008,1
12,"fish_oil",2009,1
12,"fish_oil",2010,1
12,"fish_oil",2011,1
12,"ornamentals",1988,0.617376
12,"ornamentals",1989,1
12,"ornamentals",1990,1
12,"ornamentals",1991,1
12,"ornamentals",1992,1
12,"ornamentals",1993,0.736868
12,"ornamentals",1994,0.353498
12,"ornamentals",1995,0.318646
12,"ornamentals",1996,0.94598
12,"ornamentals",1997,0.995768
12,"ornamentals",1998,1
12,"ornamentals",1999,1
12,"ornamentals",2000,0.876276
12,"ornamentals",2001,0.68708
12,"ornamentals",2002,0.497884
12,"ornamentals",2003,0.313667
12,"ornamentals",2004,0.293752
12,"ornamentals",2005,0.224048
12,"ornamentals",2006,0.229027
12,"ornamentals",2007,0.229027
12,"ornamentals",2008,0.029873
12,"ornamentals",2009,0.00497884
12,"ornamentals",2010,0
12,"ornamentals",2011,0
12,"seaweeds",1983,0.218503
12,"seaweeds",1984,0.267618
12,"seaweeds",1985,1
12,"seaweeds",1986,1
12,"seaweeds",1987,1
12,"seaweeds",1988,1
12,"seaweeds",1989,0.209451
12,"seaweeds",1990,0.127556
12,"seaweeds",1991,0
12,"seaweeds",1992,0.0242433
12,"seaweeds",1993,0.0901198
12,"seaweeds",1994,0.274471
12,"seaweeds",1995,0.519388
12,"seaweeds",1996,0.607109
12,"seaweeds",1997,0.641118
12,"seaweeds",1998,0.540547
12,"seaweeds",1999,0.339663
12,"seaweeds",2000,0.275499
12,"seaweeds",2001,0.290148
12,"seaweeds",2002,0.371701
12,"seaweeds",2003,0.619702
12,"seaweeds",2004,0.759165
12,"seaweeds",2005,0.893659
12,"seaweeds",2006,0.924842
12,"seaweeds",2007,0.818445
12,"seaweeds",2008,0.870359
12,"seaweeds",2009,0.937092
12,"seaweeds",2010,0.987434
12,"seaweeds",2011,1
12,"shells",1976,0.0974411
12,"shells",1977,0.103196
12,"shells",1978,0.108648
12,"shells",1979,0.304914
12,"shells",1980,0.474571
12,"shells",1981,0.611257
12,"shells",1982,0.737688
12,"shells",1983,0.696539
12,"shells",1984,0.753394
12,"shells",1985,0.917469
12,"shells",1986,1
12,"shells",1987,1
12,"shells",1988,0.995093
12,"shells",1989,0.664218
12,"shells",1990,0.329058
12,"shells",1991,0
12,"shells",1992,0.35502
12,"shells",1993,0.646564
12,"shells",1994,1
12,"shells",1995,1
12,"shells",1996,1
12,"shells",1997,1
12,"shells",1998,0.940705
12,"shells",1999,0.651886
12,"shells",2000,0.748981
12,"shells",2001,1
12,"shells",2002,1
12,"shells",2003,0.956671
12,"shells",2004,0.700953
12,"shells",2005,0.40837
12,"shells",2006,0.38825
12,"shells",2007,0.363197
12,"shells",2008,0.396947
12,"shells",2009,0.436797
12,"shells",2010,0.414341
12,"shells",2011,0.483398
12,"sponges",1988,0.0231783
12,"sponges",1989,0.0173837
12,"sponges",1990,0
12,"sponges",1991,0
12,"sponges",1992,0.243372
12,"sponges",1993,1
12,"sponges",1994,1
12,"sponges",1995,1
12,"sponges",1996,1
12,"sponges",1997,0.182529
12,"sponges",1998,0.169492
12,"sponges",1999,0.169492
12,"sponges",2000,0.134724
12,"sponges",2001,0.0956106
12,"sponges",2002,0.0738809
12,"sponges",2003,0.0782269
12,"sponges",2004,0.0956106
12,"sponges",2005,0.53455
12,"sponges",2006,0.560626
12,"sponges",2007,0.57801
12,"sponges",2008,0.543242
12,"sponges",2009,0.212951
12,"sponges",2010,0.243372
12,"sponges",2011,0.295524
13,"fish_oil",1976,0.201341
13,"fish_oil",1977,0.195597
13,"fish_oil",1978,0.215548
13,"fish_oil",1979,0.217362
13,"fish_oil",1980,0.208729
13,"fish_oil",1981,0.202621
13,"fish_oil",1982,0.169757
13,"fish_oil",1983,0.144577
13,"fish_oil",1984,0.126902
13,"fish_oil",1985,0.10301
13,"fish_oil",1986,0.096305
13,"fish_oil",1987,0.0775398
13,"fish_oil",1988,0.0739195
13,"fish_oil",1989,0.102655
13,"fish_oil",1990,0.131159
13,"fish_oil",1991,0.161177
13,"fish_oil",1992,0.1939
13,"fish_oil",1993,0.243561
13,"fish_oil",1994,0.274731
13,"fish_oil",1995,0.325877
13,"fish_oil",1996,0.373124
13,"fish_oil",1997,0.348372
13,"fish_oil",1998,0.31783
13,"fish_oil",1999,0.293329
13,"fish_oil",2000,0.288973
13,"fish_oil",2001,0.334993
13,"fish_oil",2002,0.418936
13,"fish_oil",2003,0.504941
13,"fish_oil",2004,0.615724
13,"fish_oil",2005,0.719106
13,"fish_oil",2006,0.92408
13,"fish_oil",2007,1
13,"fish_oil",2008,1
13,"fish_oil",2009,1
13,"fish_oil",2010,1
13,"fish_oil",2011,1
13,"ornamentals",1988,0.617376
13,"ornamentals",1989,1
13,"ornamentals",1990,1
13,"ornamentals",1991,1
13,"ornamentals",1992,1
13,"ornamentals",1993,0.736868
13,"ornamentals",1994,0.353498
13,"ornamentals",1995,0.318646
13,"ornamentals",1996,0.94598
13,"ornamentals",1997,0.995768
13,"ornamentals",1998,1
13,"ornamentals",1999,1
13,"ornamentals",2000,0.876276
13,"ornamentals",2001,0.68708
13,"ornamentals",2002,0.497884
13,"ornamentals",2003,0.313667
13,"ornamentals",2004,0.293752
13,"ornamentals",2005,0.224048
13,"ornamentals",2006,0.229027
13,"ornamentals",2007,0.229027
13,"ornamentals",2008,0.029873
13,"ornamentals",2009,0.00497884
13,"ornamentals",2010,0
13,"ornamentals",2011,0
13,"seaweeds",1983,0.218503
13,"seaweeds",1984,0.267618
13,"seaweeds",1985,1
13,"seaweeds",1986,1
13,"seaweeds",1987,1
13,"seaweeds",1988,1
13,"seaweeds",1989,0.209451
13,"seaweeds",1990,0.127556
13,"seaweeds",1991,0
13,"seaweeds",1992,0.0242433
13,"seaweeds",1993,0.0901198
13,"seaweeds",1994,0.274471
13,"seaweeds",1995,0.519388
13,"seaweeds",1996,0.607109
13,"seaweeds",1997,0.641118
13,"seaweeds",1998,0.540547
13,"seaweeds",1999,0.339663
13,"seaweeds",2000,0.275499
13,"seaweeds",2001,0.290148
13,"seaweeds",2002,0.371701
13,"seaweeds",2003,0.619702
13,"seaweeds",2004,0.759165
13,"seaweeds",2005,0.893659
13,"seaweeds",2006,0.924842
13,"seaweeds",2007,0.818445
13,"seaweeds",2008,0.870359
13,"seaweeds",2009,0.937092
13,"seaweeds",2010,0.987434
13,"seaweeds",2011,1
13,"shells",1976,0.0974411
13,"shells",1977,0.103196
13,"shells",1978,0.108648
13,"shells",1979,0.304914
13,"shells",1980,0.474571
13,"shells",1981,0.611257
13,"shells",1982,0.737688
13,"shells",1983,0.696539
13,"shells",1984,0.753394
13,"shells",1985,0.917469
13,"shells",1986,1
13,"shells",1987,1
13,"shells",1988,0.995093
13,"shells",1989,0.664218
13,"shells",1990,0.329058
13,"shells",1991,0
13,"shells",1992,0.35502
13,"shells",1993,0.646564
13,"shells",1994,1
13,"shells",1995,1
13,"shells",1996,1
13,"shells",1997,1
13,"shells",1998,0.940705
13,"shells",1999,0.651886
13,"shells",2000,0.748981
13,"shells",2001,1
13,"shells",2002,1
13,"shells",2003,0.956671
13,"shells",2004,0.700953
13,"shells",2005,0.40837
13,"shells",2006,0.38825
13,"shells",2007,0.363197
13,"shells",2008,0.396947
13,"shells",2009,0.436797
13,"shells",2010,0.414341
13,"shells",2011,0.483398
13,"sponges",1988,0.0231783
13,"sponges",1989,0.0173837
13,"sponges",1990,0
13,"sponges",1991,0
13,"sponges",1992,0.243372
13,"sponges",1993,1
13,"sponges",1994,1
13,"sponges",1995,1
13,"sponges",1996,1
13,"sponges",1997,0.182529
13,"sponges",1998,0.169492
13,"sponges",1999,0.169492
13,"sponges",2000,0.134724
13,"sponges",2001,0.0956106
13,"sponges",2002,0.0738809
13,"sponges",2003,0.0782269
13,"sponges",2004,0.0956106
13,"sponges",2005,0.53455
13,"sponges",2006,0.560626
13,"sponges",2007,0.57801
13,"sponges",2008,0.543242
13,"sponges",2009,0.212951
13,"sponges",2010,0.243372
13,"sponges",2011,0.295524
14,"fish_oil",1976,0.201341
14,"fish_oil",1977,0.195597
14,"fish_oil",1978,0.215548
14,"fish_oil",1979,0.217362
14,"fish_oil",1980,0.208729
14,"fish_oil",1981,0.202621
14,"fish_oil",1982,0.169757
14,"fish_oil",1983,0.144577
14,"fish_oil",1984,0.126902
14,"fish_oil",1985,0.10301
14,"fish_oil",1986,0.096305
14,"fish_oil",1987,0.0775398
14,"fish_oil",1988,0.0739195
14,"fish_oil",1989,0.102655
14,"fish_oil",1990,0.131159
14,"fish_oil",1991,0.161177
14,"fish_oil",1992,0.1939
14,"fish_oil",1993,0.243561
14,"fish_oil",1994,0.274731
14,"fish_oil",1995,0.325877
14,"fish_oil",1996,0.373124
14,"fish_oil",1997,0.348372
14,"fish_oil",1998,0.31783
14,"fish_oil",1999,0.293329
14,"fish_oil",2000,0.288973
14,"fish_oil",2001,0.334993
14,"fish_oil",2002,0.418936
14,"fish_oil",2003,0.504941
14,"fish_oil",2004,0.615724
14,"fish_oil",2005,0.719106
14,"fish_oil",2006,0.92408
14,"fish_oil",2007,1
14,"fish_oil",2008,1
14,"fish_oil",2009,1
14,"fish_oil",2010,1
14,"fish_oil",2011,1
14,"ornamentals",1988,0.617376
14,"ornamentals",1989,1
14,"ornamentals",1990,1
14,"ornamentals",1991,1
14,"ornamentals",1992,1
14,"ornamentals",1993,0.736868
14,"ornamentals",1994,0.353498
14,"ornamentals",1995,0.318646
14,"ornamentals",1996,0.94598
14,"ornamentals",1997,0.995768
14,"ornamentals",1998,1
14,"ornamentals",1999,1
14,"ornamentals",2000,0.876276
14,"ornamentals",2001,0.68708
14,"ornamentals",2002,0.497884
14,"ornamentals",2003,0.313667
14,"ornamentals",2004,0.293752
14,"ornamentals",2005,0.224048
14,"ornamentals",2006,0.229027
14,"ornamentals",2007,0.229027
14,"ornamentals",2008,0.029873
14,"ornamentals",2009,0.00497884
14,"ornamentals",2010,0
14,"ornamentals",2011,0
14,"seaweeds",1983,0.218503
14,"seaweeds",1984,0.267618
14,"seaweeds",1985,1
14,"seaweeds",1986,1
14,"seaweeds",1987,1
14,"seaweeds",1988,1
14,"seaweeds",1989,0.209451
14,"seaweeds",1990,0.127556
14,"seaweeds",1991,0
14,"seaweeds",1992,0.0242433
14,"seaweeds",1993,0.0901198
14,"seaweeds",1994,0.274471
14,"seaweeds",1995,0.519388
14,"seaweeds",1996,0.607109
14,"seaweeds",1997,0.641118
14,"seaweeds",1998,0.540547
14,"seaweeds",1999,0.339663
14,"seaweeds",2000,0.275499
14,"seaweeds",2001,0.290148
14,"seaweeds",2002,0.371701
14,"seaweeds",2003,0.619702
14,"seaweeds",2004,0.759165
14,"seaweeds",2005,0.893659
14,"seaweeds",2006,0.924842
14,"seaweeds",2007,0.818445
14,"seaweeds",2008,0.870359
14,"seaweeds",2009,0.937092
14,"seaweeds",2010,0.987434
14,"seaweeds",2011,1
14,"shells",1976,0.0974411
14,"shells",1977,0.103196
14,"shells",1978,0.108648
14,"shells",1979,0.304914
14,"shells",1980,0.474571
14,"shells",1981,0.611257
14,"shells",1982,0.737688
14,"shells",1983,0.696539
14,"shells",1984,0.753394
14,"shells",1985,0.917469
14,"shells",1986,1
14,"shells",1987,1
14,"shells",1988,0.995093
14,"shells",1989,0.664218
14,"shells",1990,0.329058
14,"shells",1991,0
14,"shells",1992,0.35502
14,"shells",1993,0.646564
14,"shells",1994,1
14,"shells",1995,1
14,"shells",1996,1
14,"shells",1997,1
14,"shells",1998,0.940705
14,"shells",1999,0.651886
14,"shells",2000,0.748981
14,"shells",2001,1
14,"shells",2002,1
14,"shells",2003,0.956671
14,"shells",2004,0.700953
14,"shells",2005,0.40837
14,"shells",2006,0.38825
14,"shells",2007,0.363197
14,"shells",2008,0.396947
14,"shells",2009,0.436797
14,"shells",2010,0.414341
14,"shells",2011,0.483398
14,"sponges",1988,0.0231783
14,"sponges",1989,0.0173837
14,"sponges",1990,0
14,"sponges",1991,0
14,"sponges",1992,0.243372
14,"sponges",1993,1
14,"sponges",1994,1
14,"sponges",1995,1
14,"sponges",1996,1
14,"sponges",1997,0.182529
14,"sponges",1998,0.169492
14,"sponges",1999,0.169492
14,"sponges",2000,0.134724
14,"sponges",2001,0.0956106
14,"sponges",2002,0.0738809
14,"sponges",2003,0.0782269
14,"sponges",2004,0.0956106
14,"sponges",2005,0.53455
14,"sponges",2006,0.560626
14,"sponges",2007,0.57801
14,"sponges",2008,0.543242
14,"sponges",2009,0.212951
14,"sponges",2010,0.243372
14,"sponges",2011,0.295524
15,"fish_oil",1976,0.147259
15,"fish_oil",1977,0.139032
15,"fish_oil",1978,0.1317
15,"fish_oil",1979,0.129559
15,"fish_oil",1980,0.112365
15,"fish_oil",1981,0.102243
15,"fish_oil",1982,0.0915893
15,"fish_oil",1983,0.0736945
15,"fish_oil",1984,0.0630536
15,"fish_oil",1985,0.065039
15,"fish_oil",1986,0.100699
15,"fish_oil",1987,0.142614
15,"fish_oil",1988,0.169709
15,"fish_oil",1989,0.195429
15,"fish_oil",1990,0.195688
15,"fish_oil",1991,0.17159
15,"fish_oil",1992,0.164661
15,"fish_oil",1993,0.220759
15,"fish_oil",1994,0.213336
15,"fish_oil",1995,0.230686
15,"fish_oil",1996,0.294051
15,"fish_oil",1997,0.250268
15,"fish_oil",1998,0.252578
15,"fish_oil",1999,0.27395
15,"fish_oil",2000,0.268487
15,"fish_oil",2001,0.325572
15,"fish_oil",2002,0.42047
15,"fish_oil",2003,0.505908
15,"fish_oil",2004,0.671205
15,"fish_oil",2005,0.914388
15,"fish_oil",2006,1
15,"fish_oil",2007,1
15,"fish_oil",2008,1
15,"fish_oil",2009,1
15,"fish_oil",2010,1
15,"fish_oil",2011,1
15,"ornamentals",1988,0.104027
15,"ornamentals",1989,0.196879
15,"ornamentals",1990,0.19627
15,"ornamentals",1991,0.233451
15,"ornamentals",1992,0.238937
15,"ornamentals",1993,0.295014
15,"ornamentals",1994,0.266366
15,"ornamentals",1995,0.226137
15,"ornamentals",1996,0.232842
15,"ornamentals",1997,0.219432
15,"ornamentals",1998,0.689991
15,"ornamentals",1999,1
15,"ornamentals",2000,1
15,"ornamentals",2001,1
15,"ornamentals",2002,1
15,"ornamentals",2003,1
15,"ornamentals",2004,1
15,"ornamentals",2005,1
15,"ornamentals",2006,1
15,"ornamentals",2007,1
15,"ornamentals",2008,1
15,"ornamentals",2009,1
15,"ornamentals",2010,1
15,"ornamentals",2011,1
15,"seaweeds",1976,0.0479444
15,"seaweeds",1977,0.0564275
15,"seaweeds",1978,0.0678139
15,"seaweeds",1979,0.071412
15,"seaweeds",1980,0.0698762
15,"seaweeds",1981,0.0728819
15,"seaweeds",1982,0.0889194
15,"seaweeds",1983,0.100086
15,"seaweeds",1984,0.11766
15,"seaweeds",1985,0.146817
15,"seaweeds",1986,0.162657
15,"seaweeds",1987,0.2084
15,"seaweeds",1988,0.181305
15,"seaweeds",1989,0.132644
15,"seaweeds",1990,0.0815698
15,"seaweeds",1991,0.0163008
15,"seaweeds",1992,0.112548
15,"seaweeds",1993,0.20715
15,"seaweeds",1994,0.341615
15,"seaweeds",1995,0.475707
15,"seaweeds",1996,0.506487
15,"seaweeds",1997,0.538321
15,"seaweeds",1998,0.536347
15,"seaweeds",1999,0.536193
15,"seaweeds",2000,0.60811
15,"seaweeds",2001,0.68527
15,"seaweeds",2002,0.779608
15,"seaweeds",2003,0.895447
15,"seaweeds",2004,1
15,"seaweeds",2005,1
15,"seaweeds",2006,1
15,"seaweeds",2007,1
15,"seaweeds",2008,1
15,"seaweeds",2009,1
15,"seaweeds",2010,1
15,"seaweeds",2011,1
15,"shells",1976,0.384141
15,"shells",1977,0.392644
15,"shells",1978,0.424984
15,"shells",1979,0.407903
15,"shells",1980,0.383534
15,"shells",1981,0.3414
15,"shells",1982,0.312703
15,"shells",1983,0.287195
15,"shells",1984,0.336845
15,"shells",1985,0.409497
15,"shells",1986,0.488527
15,"shells",1987,0.59352
15,"shells",1988,0.729716
15,"shells",1989,0.90964
15,"shells",1990,1
15,"shells",1991,1
15,"shells",1992,1
15,"shells",1993,1
15,"shells",1994,1
15,"shells",1995,1
15,"shells",1996,0.953368
15,"shells",1997,0.75158
15,"shells",1998,0.651825
15,"shells",1999,0.564368
15,"shells",2000,0.478278
15,"shells",2001,0.455959
15,"shells",2002,0.472812
15,"shells",2003,0.477367
15,"shells",2004,0.492627
15,"shells",2005,0.484883
15,"shells",2006,0.51654
15,"shells",2007,0.557763
15,"shells",2008,0.591698
15,"shells",2009,0.698286
15,"shells",2010,0.665034
15,"shells",2011,0.711951
15,"sponges",1976,0.220696
15,"sponges",1977,0.227417
15,"sponges",1978,0.277589
15,"sponges",1979,0.284622
15,"sponges",1980,0.290718
15,"sponges",1981,0.30291
15,"sponges",1982,0.308067
15,"sponges",1983,0.359178
15,"sponges",1984,0.495159
15,"sponges",1985,0.591283
15,"sponges",1986,0.824795
15,"sponges",1987,0.981877
15,"sponges",1988,1
15,"sponges",1989,1
15,"sponges",1990,1
15,"sponges",1991,1
15,"sponges",1992,1
15,"sponges",1993,1
15,"sponges",1994,1
15,"sponges",1995,1
15,"sponges",1996,1
15,"sponges",1997,1
15,"sponges",1998,0.958901
15,"sponges",1999,0.906853
15,"sponges",2000,0.912949
15,"sponges",2001,0.91248
15,"sponges",2002,1
15,"sponges",2003,0.998289
15,"sponges",2004,1
15,"sponges",2005,1
15,"sponges",2006,1
15,"sponges",2007,1
15,"sponges",2008,1
15,"sponges",2009,1
15,"sponges",2010,1
15,"sponges",2011,1
16,"fish_oil",1976,0.147259
16,"fish_oil",1977,0.139032
16,"fish_oil",1978,0.1317
16,"fish_oil",1979,0.129559
16,"fish_oil",1980,0.112365
16,"fish_oil",1981,0.102243
16,"fish_oil",1982,0.0915893
16,"fish_oil",1983,0.0736945
16,"fish_oil",1984,0.0630536
16,"fish_oil",1985,0.065039
16,"fish_oil",1986,0.100699
16,"fish_oil",1987,0.142614
16,"fish_oil",1988,0.169709
16,"fish_oil",1989,0.195429
16,"fish_oil",1990,0.195688
16,"fish_oil",1991,0.17159
16,"fish_oil",1992,0.164661
16,"fish_oil",1993,0.220759
16,"fish_oil",1994,0.213336
16,"fish_oil",1995,0.230686
16,"fish_oil",1996,0.294051
16,"fish_oil",1997,0.250268
16,"fish_oil",1998,0.252578
16,"fish_oil",1999,0.27395
16,"fish_oil",2000,0.268487
16,"fish_oil",2001,0.325572
16,"fish_oil",2002,0.42047
16,"fish_oil",2003,0.505908
16,"fish_oil",2004,0.671205
16,"fish_oil",2005,0.914388
16,"fish_oil",2006,1
16,"fish_oil",2007,1
16,"fish_oil",2008,1
16,"fish_oil",2009,1
16,"fish_oil",2010,1
16,"fish_oil",2011,1
16,"ornamentals",1988,0.104027
16,"ornamentals",1989,0.196879
16,"ornamentals",1990,0.19627
16,"ornamentals",1991,0.233451
16,"ornamentals",1992,0.238937
16,"ornamentals",1993,0.295014
16,"ornamentals",1994,0.266366
16,"ornamentals",1995,0.226137
16,"ornamentals",1996,0.232842
16,"ornamentals",1997,0.219432
16,"ornamentals",1998,0.689991
16,"ornamentals",1999,1
16,"ornamentals",2000,1
16,"ornamentals",2001,1
16,"ornamentals",2002,1
16,"ornamentals",2003,1
16,"ornamentals",2004,1
16,"ornamentals",2005,1
16,"ornamentals",2006,1
16,"ornamentals",2007,1
16,"ornamentals",2008,1
16,"ornamentals",2009,1
16,"ornamentals",2010,1
16,"ornamentals",2011,1
16,"seaweeds",1976,0.0479444
16,"seaweeds",1977,0.0564275
16,"seaweeds",1978,0.0678139
16,"seaweeds",1979,0.071412
16,"seaweeds",1980,0.0698762
16,"seaweeds",1981,0.0728819
16,"seaweeds",1982,0.0889194
16,"seaweeds",1983,0.100086
16,"seaweeds",1984,0.11766
16,"seaweeds",1985,0.146817
16,"seaweeds",1986,0.162657
16,"seaweeds",1987,0.2084
16,"seaweeds",1988,0.181305
16,"seaweeds",1989,0.132644
16,"seaweeds",1990,0.0815698
16,"seaweeds",1991,0.0163008
16,"seaweeds",1992,0.112548
16,"seaweeds",1993,0.20715
16,"seaweeds",1994,0.341615
16,"seaweeds",1995,0.475707
16,"seaweeds",1996,0.506487
16,"seaweeds",1997,0.538321
16,"seaweeds",1998,0.536347
16,"seaweeds",1999,0.536193
16,"seaweeds",2000,0.60811
16,"seaweeds",2001,0.68527
16,"seaweeds",2002,0.779608
16,"seaweeds",2003,0.895447
16,"seaweeds",2004,1
16,"seaweeds",2005,1
16,"seaweeds",2006,1
16,"seaweeds",2007,1
16,"seaweeds",2008,1
16,"seaweeds",2009,1
16,"seaweeds",2010,1
16,"seaweeds",2011,1
16,"shells",1976,0.384141
16,"shells",1977,0.392644
16,"shells",1978,0.424984
16,"shells",1979,0.407903
16,"shells",1980,0.383534
16,"shells",1981,0.3414
16,"shells",1982,0.312703
16,"shells",1983,0.287195
16,"shells",1984,0.336845
16,"shells",1985,0.409497
16,"shells",1986,0.488527
16,"shells",1987,0.59352
16,"shells",1988,0.729716
16,"shells",1989,0.90964
16,"shells",1990,1
16,"shells",1991,1
16,"shells",1992,1
16,"shells",1993,1
16,"shells",1994,1
16,"shells",1995,1
16,"shells",1996,0.953368
16,"shells",1997,0.75158
16,"shells",1998,0.651825
16,"shells",1999,0.564368
16,"shells",2000,0.478278
16,"shells",2001,0.455959
16,"shells",2002,0.472812
16,"shells",2003,0.477367
16,"shells",2004,0.492627
16,"shells",2005,0.484883
16,"shells",2006,0.51654
16,"shells",2007,0.557763
16,"shells",2008,0.591698
16,"shells",2009,0.698286
16,"shells",2010,0.665034
16,"shells",2011,0.711951
16,"sponges",1976,0.220696
16,"sponges",1977,0.227417
16,"sponges",1978,0.277589
16,"sponges",1979,0.284622
16,"sponges",1980,0.290718
16,"sponges",1981,0.30291
16,"sponges",1982,0.308067
16,"sponges",1983,0.359178
16,"sponges",1984,0.495159
16,"sponges",1985,0.591283
16,"sponges",1986,0.824795
16,"sponges",1987,0.981877
16,"sponges",1988,1
16,"sponges",1989,1
16,"sponges",1990,1
16,"sponges",1991,1
16,"sponges",1992,1
16,"sponges",1993,1
16,"sponges",1994,1
16,"sponges",1995,1
16,"sponges",1996,1
16,"sponges",1997,1
16,"sponges",1998,0.958901
16,"sponges",1999,0.906853
16,"sponges",2000,0.912949
16,"sponges",2001,0.91248
16,"sponges",2002,1
16,"sponges",2003,0.998289
16,"sponges",2004,1
16,"sponges",2005,1
16,"sponges",2006,1
16,"sponges",2007,1
16,"sponges",2008,1
16,"sponges",2009,1
16,"sponges",2010,1
16,"sponges",2011,1
17,"fish_oil",1987,0.00801978
17,"fish_oil",1988,0.00601484
17,"fish_oil",1989,0
17,"fish_oil",1990,0
17,"fish_oil",1991,0.0197153
17,"fish_oil",1992,0.0197153
17,"fish_oil",1993,0.0250618
17,"fish_oil",1994,0.025396
17,"fish_oil",1995,0.00568068
17,"fish_oil",1996,0.00735147
17,"fish_oil",1997,0.00200495
17,"fish_oil",1998,0.00334158
17,"fish_oil",1999,0.00601484
17,"fish_oil",2000,0.00568068
17,"fish_oil",2001,0.0103589
17,"fish_oil",2002,0.0915592
17,"fish_oil",2003,0.208514
17,"fish_oil",2004,0.298403
17,"fish_oil",2005,0.427053
17,"fish_oil",2006,0.487536
17,"fish_oil",2007,0.596471
17,"fish_oil",2008,0.799973
17,"fish_oil",2009,1
17,"fish_oil",2010,1
17,"fish_oil",2011,1
17,"seaweeds",1995,0.115025
17,"seaweeds",1996,0.0862689
17,"seaweeds",1997,0
17,"seaweeds",1998,0
17,"seaweeds",1999,0
17,"seaweeds",2000,0
17,"seaweeds",2001,0
17,"seaweeds",2002,0
17,"seaweeds",2003,0
17,"seaweeds",2004,0
17,"seaweeds",2005,0
17,"seaweeds",2006,0
17,"seaweeds",2007,0.263599
17,"seaweeds",2008,0.716511
17,"seaweeds",2009,1
17,"seaweeds",2010,1
17,"seaweeds",2011,1
17,"shells",1994,0.779251
17,"shells",1995,0.584438
17,"shells",1996,0.396521
17,"shells",1997,0.115436
17,"shells",1998,0
17,"shells",1999,0
17,"shells",2000,0
17,"shells",2001,0
17,"shells",2002,0
17,"shells",2003,0
17,"shells",2004,0
17,"shells",2005,0
17,"shells",2006,0
17,"shells",2007,0.396004
17,"shells",2008,0.745419
17,"shells",2009,1
17,"shells",2010,1
17,"shells",2011,1
18,"corals",2000,0.462604
18,"corals",2001,0.588907
18,"corals",2002,0.643689
18,"corals",2003,0.627711
18,"corals",2004,0.776079
18,"corals",2005,0.68021
18,"corals",2006,0.593472
18,"corals",2007,0.60945
18,"corals",2008,1
18,"corals",2009,1
18,"corals",2010,1
18,"corals",2011,1
18,"fish_oil",1976,0.0197177
18,"fish_oil",1977,0.0278001
18,"fish_oil",1978,0.0293365
18,"fish_oil",1979,0.0386992
18,"fish_oil",1980,0.0352902
18,"fish_oil",1981,0.037931
18,"fish_oil",1982,0.0321213
18,"fish_oil",1983,0.0299127
18,"fish_oil",1984,0.0338498
18,"fish_oil",1985,0.0266957
18,"fish_oil",1986,0.592252
18,"fish_oil",1987,0.84999
18,"fish_oil",1988,1
18,"fish_oil",1989,1
18,"fish_oil",1990,1
18,"fish_oil",1991,0.809418
18,"fish_oil",1992,0.462278
18,"fish_oil",1993,0.185238
18,"fish_oil",1994,0.221104
18,"fish_oil",1995,0.18639
18,"fish_oil",1996,0.161231
18,"fish_oil",1997,0.142409
18,"fish_oil",1998,0.117154
18,"fish_oil",1999,0.0922347
18,"fish_oil",2000,0.0895459
18,"fish_oil",2001,0.0865211
18,"fish_oil",2002,0.0632823
18,"fish_oil",2003,0.0544958
18,"fish_oil",2004,0.0443168
18,"fish_oil",2005,0.0371628
18,"fish_oil",2006,0.0282322
18,"fish_oil",2007,0.0297206
18,"fish_oil",2008,0.0291925
18,"fish_oil",2009,0.0306809
18,"fish_oil",2010,0.0294485
18,"fish_oil",2011,0.0287123
18,"seaweeds",1998,0.633229
18,"seaweeds",1999,0.652573
18,"seaweeds",2000,0.734293
18,"seaweeds",2001,0.972938
18,"seaweeds",2002,0.747913
18,"seaweeds",2003,0.710606
18,"seaweeds",2004,0.710606
18,"seaweeds",2005,0.81542
18,"seaweeds",2006,0.772192
18,"seaweeds",2007,0.785812
18,"seaweeds",2008,0.923788
18,"seaweeds",2009,1
18,"seaweeds",2010,1
18,"seaweeds",2011,1
18,"sponges",2000,0.374107
18,"sponges",2001,0.595839
18,"sponges",2002,0.627364
18,"sponges",2003,1
18,"sponges",2004,1
18,"sponges",2005,1
18,"sponges",2006,0.989912
18,"sponges",2007,0
18,"sponges",2008,0
18,"sponges",2009,0
18,"sponges",2010,0
18,"sponges",2011,0
19,"corals",2000,0.462604
19,"corals",2001,0.588907
19,"corals",2002,0.643689
19,"corals",2003,0.627711
19,"corals",2004,0.776079
19,"corals",2005,0.68021
19,"corals",2006,0.593472
19,"corals",2007,0.60945
19,"corals",2008,1
19,"corals",2009,1
19,"corals",2010,1
19,"corals",2011,1
19,"fish_oil",1976,0.0197177
19,"fish_oil",1977,0.0278001
19,"fish_oil",1978,0.0293365
19,"fish_oil",1979,0.0386992
19,"fish_oil",1980,0.0352902
19,"fish_oil",1981,0.037931
19,"fish_oil",1982,0.0321213
19,"fish_oil",1983,0.0299127
19,"fish_oil",1984,0.0338498
19,"fish_oil",1985,0.0266957
19,"fish_oil",1986,0.592252
19,"fish_oil",1987,0.84999
19,"fish_oil",1988,1
19,"fish_oil",1989,1
19,"fish_oil",1990,1
19,"fish_oil",1991,0.809418
19,"fish_oil",1992,0.462278
19,"fish_oil",1993,0.185238
19,"fish_oil",1994,0.221104
19,"fish_oil",1995,0.18639
19,"fish_oil",1996,0.161231
19,"fish_oil",1997,0.142409
19,"fish_oil",1998,0.117154
19,"fish_oil",1999,0.0922347
19,"fish_oil",2000,0.0895459
19,"fish_oil",2001,0.0865211
19,"fish_oil",2002,0.0632823
19,"fish_oil",2003,0.0544958
19,"fish_oil",2004,0.0443168
19,"fish_oil",2005,0.0371628
19,"fish_oil",2006,0.0282322
19,"fish_oil",2007,0.0297206
19,"fish_oil",2008,0.0291925
19,"fish_oil",2009,0.0306809
19,"fish_oil",2010,0.0294485
19,"fish_oil",2011,0.0287123
19,"seaweeds",1998,0.633229
19,"seaweeds",1999,0.652573
19,"seaweeds",2000,0.734293
19,"seaweeds",2001,0.972938
19,"seaweeds",2002,0.747913
19,"seaweeds",2003,0.710606
19,"seaweeds",2004,0.710606
19,"seaweeds",2005,0.81542
19,"seaweeds",2006,0.772192
19,"seaweeds",2007,0.785812
19,"seaweeds",2008,0.923788
19,"seaweeds",2009,1
19,"seaweeds",2010,1
19,"seaweeds",2011,1
19,"sponges",2000,0.374107
19,"sponges",2001,0.595839
19,"sponges",2002,0.627364
19,"sponges",2003,1
19,"sponges",2004,1
19,"sponges",2005,1
19,"sponges",2006,0.989912
19,"sponges",2007,0
19,"sponges",2008,0
19,"sponges",2009,0
19,"sponges",2010,0
19,"sponges",2011,0
20,"fish_oil",1994,0.144362
20,"fish_oil",1995,0.110789
20,"fish_oil",1996,0.0805741
20,"fish_oil",1997,0.0352512
20,"fish_oil",1998,0.0235008
20,"fish_oil",1999,0.0470016
20,"fish_oil",2000,0.135129
20,"fish_oil",2001,0.297117
20,"fish_oil",2002,0.453229
20,"fish_oil",2003,0.537161
20,"fish_oil",2004,0.506106
20,"fish_oil",2005,0.443997
20,"fish_oil",2006,0.717613
20,"fish_oil",2007,1
20,"fish_oil",2008,1
20,"fish_oil",2009,1
20,"fish_oil",2010,1
20,"fish_oil",2011,1
20,"seaweeds",1996,0.0152125
20,"seaweeds",1997,0.0318261
20,"seaweeds",1998,0.0300246
20,"seaweeds",1999,0.0444364
20,"seaweeds",2000,0.0846694
20,"seaweeds",2001,0.120699
20,"seaweeds",2002,0.129106
20,"seaweeds",2003,0.139314
20,"seaweeds",2004,0.337477
20,"seaweeds",2005,0.324266
20,"seaweeds",2006,0.398126
20,"seaweeds",2007,0.486999
20,"seaweeds",2008,0.497208
20,"seaweeds",2009,0.969795
20,"seaweeds",2010,1
20,"seaweeds",2011,1
20,"shells",1996,0.0597517
20,"shells",1997,0.0656979
20,"shells",1998,0.161417
20,"shells",1999,0.318918
20,"shells",2000,0.389401
20,"shells",2001,0.674382
20,"shells",2002,1
20,"shells",2003,1
20,"shells",2004,1
20,"shells",2005,1
20,"shells",2006,1
20,"shells",2007,1
20,"shells",2008,1
20,"shells",2009,1
20,"shells",2010,1
20,"shells",2011,1
20,"sponges",1977,0.397594
20,"sponges",1978,0.397594
20,"sponges",1979,0.397594
20,"sponges",1980,0.397594
20,"sponges",1981,0.397594
20,"sponges",1982,0.397594
20,"sponges",1983,0.397594
20,"sponges",1984,0.397594
20,"sponges",1985,0.397594
20,"sponges",1986,0.397594
20,"sponges",1987,0.397594
20,"sponges",1988,0.397594
20,"sponges",1989,0.397594
20,"sponges",1990,0.397594
20,"sponges",1991,0.397594
20,"sponges",1992,0.397594
20,"sponges",1993,0.397594
20,"sponges",1994,0.397594
20,"sponges",1995,0.397594
20,"sponges",1996,0.397594
20,"sponges",1997,0.397594
20,"sponges",1998,0.397594
20,"sponges",1999,0.397594
20,"sponges",2000,0.397594
20,"sponges",2001,0.397594
20,"sponges",2002,0.397594
20,"sponges",2003,0.397594
20,"sponges",2004,0.299798
20,"sponges",2005,0.439181
20,"sponges",2006,0.597796
20,"sponges",2007,1
20,"sponges",2008,1
20,"sponges",2009,1
20,"sponges",2010,1
20,"sponges",2011,0.0416667
21,"fish_oil",1993,0.220423
21,"fish_oil",1994,0.20108
21,"fish_oil",1995,0.18556
21,"fish_oil",1996,0.165992
21,"fish_oil",1997,0.18691
21,"fish_oil",1998,0.27058
21,"fish_oil",1999,0.420378
21,"fish_oil",2000,0.610661
21,"fish_oil",2001,0.728745
21,"fish_oil",2002,0.720648
21,"fish_oil",2003,0.715924
21,"fish_oil",2004,0.61336
21,"fish_oil",2005,0.612686
21,"fish_oil",2006,0.749663
21,"fish_oil",2007,0.740216
21,"fish_oil",2008,0.817814
21,"fish_oil",2009,1
21,"fish_oil",2010,1
21,"fish_oil",2011,1
21,"seaweeds",1994,0.0681597
21,"seaweeds",1995,0.0511198
21,"seaweeds",1996,0.0377313
21,"seaweeds",1997,0.0425998
21,"seaweeds",1998,0.0486855
21,"seaweeds",1999,0.097371
21,"seaweeds",2000,0.148491
21,"seaweeds",2001,0.165531
21,"seaweeds",2002,0.178919
21,"seaweeds",2003,0.157011
21,"seaweeds",2004,0.126582
21,"seaweeds",2005,0.152142
21,"seaweeds",2006,0.31037
21,"seaweeds",2007,0.429649
21,"seaweeds",2008,0.685248
21,"seaweeds",2009,1
21,"seaweeds",2010,1
21,"seaweeds",2011,1
22,"fish_oil",1993,0.220423
22,"fish_oil",1994,0.20108
22,"fish_oil",1995,0.18556
22,"fish_oil",1996,0.165992
22,"fish_oil",1997,0.18691
22,"fish_oil",1998,0.27058
22,"fish_oil",1999,0.420378
22,"fish_oil",2000,0.610661
22,"fish_oil",2001,0.728745
22,"fish_oil",2002,0.720648
22,"fish_oil",2003,0.715924
22,"fish_oil",2004,0.61336
22,"fish_oil",2005,0.612686
22,"fish_oil",2006,0.749663
22,"fish_oil",2007,0.740216
22,"fish_oil",2008,0.817814
22,"fish_oil",2009,1
22,"fish_oil",2010,1
22,"fish_oil",2011,1
22,"seaweeds",1994,0.0681597
22,"seaweeds",1995,0.0511198
22,"seaweeds",1996,0.0377313
22,"seaweeds",1997,0.0425998
22,"seaweeds",1998,0.0486855
22,"seaweeds",1999,0.097371
22,"seaweeds",2000,0.148491
22,"seaweeds",2001,0.165531
22,"seaweeds",2002,0.178919
22,"seaweeds",2003,0.157011
22,"seaweeds",2004,0.126582
22,"seaweeds",2005,0.152142
22,"seaweeds",2006,0.31037
22,"seaweeds",2007,0.429649
22,"seaweeds",2008,0.685248
22,"seaweeds",2009,1
22,"seaweeds",2010,1
22,"seaweeds",2011,1
23,"fish_oil",1992,0.107298
23,"fish_oil",1993,0.151479
23,"fish_oil",1994,0.184615
23,"fish_oil",1995,0.146746
23,"fish_oil",1996,0.137278
23,"fish_oil",1997,0.0757396
23,"fish_oil",1998,0.104142
23,"fish_oil",1999,0.146746
23,"fish_oil",2000,0.250888
23,"fish_oil",2001,0.321893
23,"fish_oil",2002,0.265089
23,"fish_oil",2003,0.307692
23,"fish_oil",2004,0.378698
23,"fish_oil",2005,1
23,"fish_oil",2006,1
23,"fish_oil",2007,1
23,"fish_oil",2008,1
23,"fish_oil",2009,0.894675
23,"fish_oil",2010,0.706903
23,"fish_oil",2011,0.738462
23,"seaweeds",1998,1
23,"seaweeds",1999,1
23,"seaweeds",2000,1
23,"seaweeds",2001,1
23,"seaweeds",2002,1
23,"seaweeds",2003,0.885287
23,"seaweeds",2004,0.798005
23,"seaweeds",2005,0.909745
23,"seaweeds",2006,1
23,"seaweeds",2007,0.927489
23,"seaweeds",2008,0.809035
23,"seaweeds",2009,0.546231
23,"seaweeds",2010,0.351045
23,"seaweeds",2011,0.480529
24,"fish_oil",1992,0.107298
24,"fish_oil",1993,0.151479
24,"fish_oil",1994,0.184615
24,"fish_oil",1995,0.146746
24,"fish_oil",1996,0.137278
24,"fish_oil",1997,0.0757396
24,"fish_oil",1998,0.104142
24,"fish_oil",1999,0.146746
24,"fish_oil",2000,0.250888
24,"fish_oil",2001,0.321893
24,"fish_oil",2002,0.265089
24,"fish_oil",2003,0.307692
24,"fish_oil",2004,0.378698
24,"fish_oil",2005,1
24,"fish_oil",2006,1
24,"fish_oil",2007,1
24,"fish_oil",2008,1
24,"fish_oil",2009,0.894675
24,"fish_oil",2010,0.706903
24,"fish_oil",2011,0.738462
24,"seaweeds",1998,1
24,"seaweeds",1999,1
24,"seaweeds",2000,1
24,"seaweeds",2001,1
24,"seaweeds",2002,1
24,"seaweeds",2003,0.885287
24,"seaweeds",2004,0.798005
24,"seaweeds",2005,0.909745
24,"seaweeds",2006,1
24,"seaweeds",2007,0.927489
24,"seaweeds",2008,0.809035
24,"seaweeds",2009,0.546231
24,"seaweeds",2010,0.351045
24,"seaweeds",2011,0.480529
25,"fish_oil",1992,0.107298
25,"fish_oil",1993,0.151479
25,"fish_oil",1994,0.184615
25,"fish_oil",1995,0.146746
25,"fish_oil",1996,0.137278
25,"fish_oil",1997,0.0757396
25,"fish_oil",1998,0.104142
25,"fish_oil",1999,0.146746
25,"fish_oil",2000,0.250888
25,"fish_oil",2001,0.321893
25,"fish_oil",2002,0.265089
25,"fish_oil",2003,0.307692
25,"fish_oil",2004,0.378698
25,"fish_oil",2005,1
25,"fish_oil",2006,1
25,"fish_oil",2007,1
25,"fish_oil",2008,1
25,"fish_oil",2009,0.894675
25,"fish_oil",2010,0.706903
25,"fish_oil",2011,0.738462
25,"seaweeds",1998,1
25,"seaweeds",1999,1
25,"seaweeds",2000,1
25,"seaweeds",2001,1
25,"seaweeds",2002,1
25,"seaweeds",2003,0.885287
25,"seaweeds",2004,0.798005
25,"seaweeds",2005,0.909745
25,"seaweeds",2006,1
25,"seaweeds",2007,0.927489
25,"seaweeds",2008,0.809035
25,"seaweeds",2009,0.546231
25,"seaweeds",2010,0.351045
25,"seaweeds",2011,0.480529
